N,P,K,pH,temperature,humidity,rainfall,region,label
23,33,14,8.4,24.7,28.8,80.3,Davanagere,Mothbeans
40,62,38,7.1,16.2,30.4,63.1,Shivamogga,Chickpea
14,6,3,6.2,24.8,89.1,120.0,Ballari,Orange
12,34,25,5.3,35.5,48.0,74.8,Ballari,Mango
11,18,17,6.5,20.0,91.1,84.6,Chitradurga,Orange
62,37,41,6.9,35.3,91.5,130.5,Ballari,Papaya
32,60,34,6.0,36.2,28.8,71.6,Mandya,Pigeonpeas
55,31,44,6.7,39.6,89.1,160.3,Vijayapura,Papaya
54,57,45,7.2,38.3,98.5,209.8,Ballari,Papaya
87,74,46,5.7,24.6,86.0,82.0,Davanagere,Banana
23,24,13,7.0,10.9,98.9,109.6,Ballari,Orange
12,11,45,5.7,22.3,77.4,118.3,Shivamogga,Pomegranate
44,65,24,6.1,26.4,14.5,139.2,Hassan,Pigeonpeas
20,58,16,5.4,16.3,28.9,77.5,Shivamogga,Kidneybeans
16,63,25,5.5,21.6,14.7,63.3,Shivamogga,Kidneybeans
53,54,57,6.7,34.7,86.3,192.1,Shivamogga,Papaya
38,28,56,6.7,28.8,93.3,264.0,Ballari,Papaya
90,23,44,5.9,24.5,85.3,35.5,Shivamogga,Watermelon
11,62,29,7.2,21.8,18.4,31.0,Ballari,Lentil
15,33,10,7.0,29.7,66.9,76.0,Belagavi,Mungbean
20,29,47,5.3,16.5,94.8,132.6,Davanagere,Pomegranate
27,80,47,7.0,21.7,29.4,40.8,Vijayapura,Chickpea
20,56,18,7.0,26.8,31.9,60.6,Tumakuru,Pigeonpeas
30,137,199,6.6,9.2,83.2,71.1,Davanagere,Grapes
25,65,16,6.3,18.5,23.0,40.6,Ballari,Lentil
57,36,36,7.0,24.9,90.2,291.2,Tumakuru,Rice
110,7,40,5.9,23.1,82.8,25.3,Vijayapura,Watermelon
10,125,195,5.8,20.9,81.1,49.6,Belagavi,Grapes
18,55,16,7.2,24.3,31.8,46.3,Tumakuru,Lentil
71,38,46,7.5,32.3,71.4,208.3,Belagavi,Rice
37,52,31,5.3,28.1,29.9,107.3,Davanagere,Pigeonpeas
10,39,39,5.4,24.8,76.0,109.5,Mysuru,Pomegranate
47,67,13,6.7,27.4,56.4,46.5,Tumakuru,Blackgram
13,68,28,6.0,21.8,24.1,77.9,Hassan,Kidneybeans
20,77,18,5.4,31.9,17.2,141.5,Davanagere,Pigeonpeas
79,59,43,6.2,22.6,70.9,214.8,Ballari,Jute
114,41,13,7.4,21.3,58.7,90.8,Tumakuru,Cotton
110,17,51,6.6,23.6,91.2,72.4,Belagavi,Watermelon
58,46,26,5.3,27.8,64.6,102.7,Vijayapura,Maize
93,12,26,6.4,24.1,52.6,193.4,Mandya,Coffee
20,31,23,6.3,26.0,37.6,50.5,Hassan,Mothbeans
87,49,39,6.7,34.7,84.9,170.8,Mandya,Rice
12,142,203,6.2,32.6,70.6,86.0,Mysuru,Grapes
11,15,18,6.8,29.2,90.0,119.4,Chitradurga,Orange
24,24,33,5.4,36.3,55.1,113.7,Vijayapura,Mango
133,40,15,6.8,24.4,66.6,88.0,Shivamogga,Cotton
105,37,25,6.3,22.9,62.9,83.3,Vijayapura,Cotton
72,35,38,6.6,18.6,85.8,278.5,Vijayapura,Rice
25,127,207,6.2,24.1,91.7,139.0,Ballari,Apple
22,36,20,6.4,28.2,63.6,23.1,Hassan,Mungbean
17,20,48,6.8,25.3,96.2,122.7,Chitradurga,Pomegranate
23,67,21,6.2,23.2,29.2,145.4,Davanagere,Kidneybeans
94,31,24,6.9,21.8,55.6,126.9,Belagavi,Coffee
91,27,20,6.4,26.8,52.5,100.6,Davanagere,Coffee
27,20,6,7.4,12.2,91.0,135.8,Mandya,Orange
79,53,25,6.1,27.5,47.1,119.7,Belagavi,Maize
23,62,24,7.4,26.6,13.0,56.1,Belagavi,Lentil
24,28,34,5.9,26.2,42.3,102.3,Mysuru,Mango
89,54,39,7.5,27.4,85.8,182.9,Mandya,Jute
24,40,11,6.7,30.0,60.9,54.8,Chitradurga,Mothbeans
11,32,17,5.9,11.2,87.6,118.3,Ballari,Orange
30,25,25,5.7,28.4,79.8,188.3,Tumakuru,Coconut
29,15,8,6.2,24.0,98.2,101.1,Shivamogga,Orange
26,19,2,6.5,25.3,98.7,116.0,Mandya,Orange
130,51,27,6.3,29.8,74.9,100.2,Belagavi,Cotton
15,18,39,5.7,19.3,77.1,102.7,Shivamogga,Pomegranate
26,77,32,7.7,22.4,21.3,34.0,Tumakuru,Chickpea
12,128,202,5.3,19.0,91.9,135.3,Belagavi,Apple
40,137,194,5.7,21.5,93.0,125.2,Shivamogga,Apple
21,136,207,6.0,8.9,75.6,55.9,Mysuru,Grapes
41,135,196,5.3,25.0,86.5,135.2,Davanagere,Apple
18,7,13,6.7,35.0,90.5,130.4,Mandya,Orange
59,48,57,7.0,38.4,85.1,251.0,Shivamogga,Papaya
21,56,23,5.7,36.9,26.4,144.8,Mysuru,Pigeonpeas
17,30,26,5.7,26.5,54.2,71.9,Mysuru,Mango
114,41,11,8.0,25.9,60.0,66.1,Vijayapura,Cotton
41,132,204,5.8,19.6,86.9,129.1,Hassan,Apple
90,22,34,6.0,22.3,64.5,126.0,Mysuru,Coffee
23,26,17,6.4,12.6,96.7,111.6,Hassan,Orange
90,10,41,6.2,24.7,88.3,42.7,Tumakuru,Watermelon
12,45,12,7.6,26.2,51.7,43.9,Mysuru,Mothbeans
104,89,57,6.0,29.5,84.7,91.4,Vijayapura,Banana
37,58,24,6.3,33.1,62.1,84.2,Vijayapura,Blackgram
25,74,21,6.2,21.5,17.1,49.6,Mandya,Lentil
71,50,40,7.5,22.8,94.8,189.4,Davanagere,Jute
91,69,46,6.0,24.5,89.5,131.9,Tumakuru,Banana
63,64,45,7.3,18.5,76.5,220.0,Vijayapura,Rice
12,30,28,9.1,28.4,29.3,48.0,Tumakuru,Mothbeans
19,7,27,5.9,25.8,75.6,184.1,Mandya,Coconut
92,63,42,6.1,29.5,71.2,267.1,Tumakuru,Rice
70,62,33,7.0,22.2,88.2,150.4,Shivamogga,Jute
15,33,16,6.6,29.6,48.6,37.0,Hassan,Mothbeans
44,53,45,6.3,15.6,13.9,77.0,Ballari,Chickpea
93,95,47,6.2,28.2,71.7,111.3,Ballari,Banana
56,48,14,6.9,22.0,49.7,93.8,Shivamogga,Maize
87,27,57,6.5,25.1,82.0,69.2,Chitradurga,Muskmelon
36,54,42,6.9,26.7,18.2,53.6,Mysuru,Chickpea
29,25,34,6.2,16.5,79.6,97.1,Davanagere,Pomegranate
109,60,25,6.2,28.5,63.5,65.1,Ballari,Cotton
132,49,18,6.9,20.1,64.6,58.0,Chitradurga,Cotton
14,26,29,6.2,26.2,82.1,190.6,Belagavi,Coconut
93,53,21,6.7,20.3,73.1,116.7,Ballari,Maize
18,22,31,5.9,26.8,54.6,71.6,Chitradurga,Mango
17,141,207,5.9,14.9,72.7,61.3,Ballari,Grapes
17,38,21,4.4,33.2,27.6,18.4,Mysuru,Mothbeans
105,32,52,6.2,29.6,82.9,70.9,Vijayapura,Muskmelon
14,57,20,6.4,31.0,59.2,43.0,Ballari,Mungbean
11,9,39,6.1,25.1,97.0,161.0,Mysuru,Coconut
129,43,27,6.8,23.2,65.4,78.8,Shivamogga,Cotton
92,62,34,7.5,24.9,71.3,178.8,Belagavi,Jute
17,29,29,4.9,26.4,45.5,91.8,Ballari,Mango
16,53,14,7.0,17.3,15.1,22.7,Belagavi,Lentil
34,126,192,5.4,14.1,77.2,40.3,Ballari,Grapes
58,30,35,6.8,23.2,87.2,219.9,Shivamogga,Rice
76,53,48,6.2,27.9,84.4,205.3,Shivamogga,Jute
90,17,35,6.2,28.5,59.4,218.3,Vijayapura,Coffee
101,27,57,6.4,24.9,82.1,30.5,Tumakuru,Watermelon
106,18,37,7.0,27.0,63.7,207.8,Hassan,Coffee
42,35,49,6.8,37.8,88.1,249.1,Mysuru,Papaya
16,32,45,5.3,20.5,92.6,138.5,Mysuru,Pomegranate
22,124,207,5.8,34.5,78.2,51.9,Ballari,Grapes
18,23,33,4.8,23.2,97.9,229.1,Hassan,Coconut
25,78,44,7.6,23.2,21.4,60.8,Mysuru,Chickpea
81,44,47,6.2,33.5,70.4,168.0,Davanagere,Rice
25,55,21,4.9,22.8,57.9,69.4,Tumakuru,Mothbeans
32,25,23,6.5,29.3,53.6,81.2,Shivamogga,Mango
12,126,194,5.3,14.7,89.2,90.9,Mysuru,Grapes
109,98,43,5.5,23.9,75.9,102.2,Davanagere,Banana
31,56,47,6.9,17.4,24.4,77.7,Hassan,Chickpea
23,126,207,5.5,20.6,72.1,50.3,Davanagere,Grapes
34,55,24,7.2,26.2,68.1,70.8,Mandya,Blackgram
105,9,45,6.6,31.0,77.0,39.4,Vijayapura,Muskmelon
22,57,30,6.8,20.9,22.7,69.2,Chitradurga,Chickpea
38,129,205,5.4,23.3,99.0,139.4,Tumakuru,Apple
93,18,40,6.5,28.7,80.1,70.2,Mysuru,Watermelon
22,28,19,6.2,31.9,87.2,100.3,Davanagere,Orange
12,42,19,5.2,30.1,46.3,48.5,Davanagere,Mothbeans
13,136,203,6.0,25.9,97.3,127.6,Hassan,Apple
102,20,20,6.5,28.6,72.9,173.9,Tumakuru,Coffee
18,69,48,6.0,17.3,25.6,29.6,Mandya,Chickpea
68,35,40,6.8,23.7,86.8,182.4,Hassan,Jute
99,73,43,6.2,26.4,88.2,125.5,Chitradurga,Banana
11,56,24,6.4,19.1,17.3,22.1,Vijayapura,Lentil
84,55,15,6.7,27.7,60.6,63.4,Mandya,Maize
56,60,58,6.7,37.7,85.2,165.9,Mysuru,Papaya
15,21,41,5.5,16.8,92.8,137.3,Tumakuru,Pomegranate
57,63,34,6.0,18.0,78.6,310.2,Mysuru,Rice
84,37,47,6.9,30.3,68.5,317.0,Hassan,Rice
86,48,41,6.0,24.3,86.1,196.1,Tumakuru,Jute
38,64,27,7.0,24.2,58.5,58.2,Chitradurga,Blackgram
17,22,35,5.7,21.4,87.8,133.6,Mysuru,Pomegranate
25,24,10,7.3,18.4,91.5,88.8,Tumakuru,Orange
79,47,44,7.5,23.6,72.8,178.9,Davanagere,Jute
100,95,55,6.2,24.5,70.1,86.5,Chitradurga,Banana
78,37,33,7.5,22.5,77.3,171.3,Vijayapura,Jute
11,69,16,5.6,19.2,23.4,67.8,Mysuru,Kidneybeans
85,96,59,5.9,26.9,80.0,138.2,Chitradurga,Banana
101,96,57,5.5,27.0,74.1,137.9,Tumakuru,Banana
11,16,36,5.4,33.2,44.5,99.8,Mandya,Mango
33,51,40,6.5,23.2,29.4,43.1,Chitradurga,Chickpea
25,32,38,5.3,34.7,59.6,96.4,Mandya,Mango
13,138,192,6.0,21.0,95.8,101.5,Davanagere,Apple
12,67,21,5.6,18.0,22.3,107.8,Chitradurga,Kidneybeans
24,132,201,6.7,27.9,78.7,83.1,Belagavi,Grapes
122,40,11,7.4,28.5,45.2,77.8,Chitradurga,Cotton
10,15,23,6.6,30.4,46.5,99.3,Hassan,Mango
108,31,31,7.1,28.4,49.7,107.9,Vijayapura,Coffee
92,36,30,7.1,27.3,80.3,202.2,Tumakuru,Jute
24,72,11,5.9,22.5,18.2,59.8,Shivamogga,Lentil
13,6,22,5.8,27.5,89.7,155.2,Shivamogga,Coconut
40,67,25,7.0,31.9,63.2,58.8,Belagavi,Blackgram
82,43,39,6.5,26.5,88.5,180.1,Shivamogga,Jute
25,39,21,7.1,28.8,55.6,76.7,Tumakuru,Mungbean
11,28,4,7.4,23.3,92.4,113.6,Belagavi,Orange
22,22,14,7.5,31.9,89.0,100.7,Mysuru,Orange
91,59,38,7.1,23.2,78.8,141.3,Shivamogga,Jute
73,31,39,7.1,18.7,65.8,246.7,Ballari,Rice
12,33,37,6.2,24.6,83.3,201.1,Belagavi,Coconut
59,45,15,6.7,23.7,61.1,47.8,Belagavi,Maize
12,22,38,5.8,27.3,92.1,161.1,Hassan,Coconut
98,88,47,6.7,28.4,82.1,132.9,Belagavi,Banana
24,37,30,6.9,20.4,90.3,120.5,Ballari,Pomegranate
19,33,39,7.0,25.8,85.9,109.5,Belagavi,Pomegranate
18,49,10,7.0,30.3,26.3,64.0,Chitradurga,Mothbeans
43,49,57,6.4,37.6,91.7,263.8,Chitradurga,Papaya
17,31,48,6.6,22.0,90.4,86.9,Davanagere,Pomegranate
14,11,32,5.6,29.3,86.0,221.9,Chitradurga,Coconut
22,122,206,6.1,33.0,83.4,89.8,Chitradurga,Grapes
31,57,16,6.6,35.9,65.0,46.1,Belagavi,Blackgram
22,57,20,6.2,26.3,13.4,125.5,Mysuru,Kidneybeans
97,90,42,6.6,23.3,85.5,121.4,Shivamogga,Banana
44,127,201,6.6,25.3,91.8,90.1,Hassan,Apple
63,39,14,5.7,17.2,71.9,60.9,Mysuru,Maize
11,70,14,5.3,25.2,13.4,127.8,Hassan,Kidneybeans
32,32,25,5.8,23.1,93.9,189.4,Shivamogga,Coconut
106,23,54,7.0,27.2,84.6,45.8,Belagavi,Watermelon
10,68,17,7.5,16.6,15.5,38.4,Ballari,Lentil
22,7,27,6.2,26.1,78.0,153.3,Mandya,Coconut
18,63,32,6.6,26.6,17.7,59.5,Mandya,Chickpea
89,27,25,7.0,22.0,47.4,105.4,Belagavi,Coffee
104,30,52,6.4,25.5,94.8,44.3,Ballari,Watermelon
113,8,41,6.3,28.3,93.7,28.9,Belagavi,Watermelon
27,61,25,7.3,30.4,15.3,21.8,Davanagere,Lentil
107,41,27,6.5,20.6,64.4,64.3,Hassan,Cotton
32,137,199,5.7,33.2,81.2,46.9,Belagavi,Grapes
11,16,39,6.0,26.4,94.5,218.3,Hassan,Coconut
27,25,32,5.8,24.4,77.1,92.1,Chitradurga,Pomegranate
17,70,13,7.2,28.3,24.3,15.9,Chitradurga,Lentil
54,60,52,7.1,26.1,94.8,170.9,Shivamogga,Papaya
103,21,55,6.3,30.5,89.3,77.4,Belagavi,Muskmelon
94,62,49,6.9,25.7,66.6,185.1,Davanagere,Jute
110,20,54,7.0,24.1,94.6,67.2,Belagavi,Watermelon
124,44,13,8.0,25.4,70.7,56.0,Tumakuru,Cotton
32,123,194,5.3,30.0,81.2,74.0,Shivamogga,Grapes
27,65,13,6.4,19.9,13.2,43.9,Mandya,Lentil
111,27,26,6.4,29.4,70.1,126.4,Chitradurga,Coffee
29,59,29,6.0,25.4,17.1,130.0,Mandya,Kidneybeans
100,18,58,6.5,29.8,87.7,29.1,Mandya,Watermelon
27,68,13,6.3,30.2,30.2,46.3,Belagavi,Lentil
16,22,48,7.1,25.9,86.4,123.5,Vijayapura,Pomegranate
126,40,23,6.4,25.6,46.9,66.3,Mysuru,Cotton
23,67,18,6.1,20.3,13.5,146.7,Vijayapura,Kidneybeans
20,58,14,6.1,16.2,27.7,106.6,Tumakuru,Kidneybeans
55,54,44,7.2,31.0,94.8,177.4,Mysuru,Papaya
31,28,20,6.1,26.4,96.5,177.9,Shivamogga,Coconut
61,49,52,7.0,34.3,96.2,250.9,Ballari,Papaya
18,58,17,5.2,35.6,20.9,169.6,Belagavi,Pigeonpeas
28,22,34,5.3,26.9,52.4,99.6,Belagavi,Mango
19,52,22,6.5,27.2,21.6,118.4,Davanagere,Pigeonpeas
109,68,51,5.4,27.6,72.6,77.9,Ballari,Banana
29,142,192,5.8,24.8,86.1,95.6,Chitradurga,Apple
17,58,23,6.2,13.5,19.1,154.8,Vijayapura,Kidneybeans
33,127,191,5.3,15.2,82.8,61.3,Vijayapura,Grapes
22,28,47,6.8,21.3,86.9,112.0,Hassan,Pomegranate
61,37,50,7.0,26.1,92.6,269.8,Shivamogga,Papaya
10,31,34,5.5,29.7,41.2,82.2,Davanagere,Mango
31,62,29,7.3,24.0,56.2,92.3,Belagavi,Blackgram
10,38,13,7.4,27.2,56.0,72.6,Mysuru,Mungbean
104,19,54,6.9,22.7,77.7,25.6,Mandya,Watermelon
115,29,54,6.7,29.8,76.0,37.5,Mandya,Muskmelon
23,61,18,6.1,20.2,25.7,142.1,Ballari,Kidneybeans
23,62,12,7.2,31.7,12.4,68.5,Davanagere,Lentil
87,34,37,6.4,26.1,49.6,213.5,Davanagere,Coffee
21,50,16,5.5,29.7,63.3,89.2,Chitradurga,Mothbeans
111,96,42,5.7,27.5,75.3,84.6,Davanagere,Banana
102,11,52,6.4,29.3,77.0,48.4,Chitradurga,Muskmelon
11,24,14,6.0,12.5,92.9,124.9,Chitradurga,Orange
31,54,23,6.6,30.8,72.8,58.2,Vijayapura,Blackgram
100,17,48,6.4,30.6,87.7,78.3,Vijayapura,Muskmelon
106,32,55,5.8,27.2,90.0,70.1,Belagavi,Muskmelon
34,59,34,7.0,26.0,32.2,72.3,Mandya,Pigeonpeas
56,59,48,7.1,27.2,97.1,212.6,Hassan,Papaya
91,32,57,6.7,28.1,92.1,54.6,Shivamogga,Muskmelon
22,49,19,5.3,22.6,50.6,46.8,Belagavi,Mothbeans
41,56,15,6.4,36.6,73.1,60.5,Tumakuru,Blackgram
23,63,13,6.1,13.9,16.1,73.4,Tumakuru,Kidneybeans
69,44,27,6.6,26.8,57.4,48.1,Tumakuru,Maize
69,57,35,7.1,23.7,66.5,212.0,Vijayapura,Jute
20,52,10,6.1,28.2,68.6,49.4,Chitradurga,Mungbean
84,58,24,6.8,18.0,47.7,98.6,Vijayapura,Maize
85,44,33,6.6,26.6,80.8,219.6,Mandya,Jute
34,64,26,6.9,24.0,66.8,66.4,Mysuru,Blackgram
17,59,33,6.3,17.0,28.5,42.4,Mandya,Chickpea
26,21,28,5.8,30.5,84.7,194.8,Ballari,Coconut
36,77,29,5.2,31.0,31.4,104.1,Mysuru,Pigeonpeas
44,51,19,6.6,28.3,59.9,88.3,Davanagere,Blackgram
108,19,28,6.4,27.4,50.2,182.8,Belagavi,Coffee
29,64,34,6.4,28.1,33.7,92.4,Belagavi,Pigeonpeas
19,31,16,6.2,36.7,96.3,133.1,Chitradurga,Orange
105,68,53,6.4,30.8,85.0,132.6,Mandya,Banana
122,62,22,7.0,28.6,67.1,68.3,Hassan,Cotton
13,27,39,5.5,30.0,53.2,105.4,Hassan,Mango
27,53,26,7.6,22.2,57.4,20.8,Tumakuru,Mothbeans
35,71,19,7.7,24.0,70.7,84.1,Mandya,Blackgram
19,21,45,6.2,21.2,98.2,119.6,Hassan,Pomegranate
12,31,11,8.5,26.5,38.2,82.5,Vijayapura,Mothbeans
12,33,25,7.3,26.0,63.9,34.9,Tumakuru,Mungbean
118,15,48,6.4,26.7,94.7,74.7,Mysuru,Muskmelon
10,33,25,7.3,33.0,50.3,65.1,Hassan,Mothbeans
23,121,200,5.4,19.1,79.9,83.2,Vijayapura,Grapes
88,47,49,7.1,25.0,75.4,176.1,Davanagere,Jute
22,30,33,5.4,29.8,96.4,183.1,Shivamogga,Coconut
49,57,46,6.7,23.2,93.0,268.9,Tumakuru,Papaya
57,27,41,7.2,26.1,96.4,239.2,Mandya,Papaya
94,40,30,7.0,24.0,79.7,206.3,Shivamogga,Jute
15,17,42,7.0,23.0,90.4,108.5,Davanagere,Pomegranate
28,11,40,6.7,26.5,87.5,117.2,Mysuru,Pomegranate
117,58,17,7.7,20.3,45.4,49.2,Mandya,Cotton
124,41,27,7.0,24.3,54.1,56.5,Vijayapura,Cotton
27,132,202,6.4,19.9,80.3,79.9,Ballari,Grapes
12,56,21,6.4,26.0,15.5,52.8,Davanagere,Lentil
14,34,37,5.7,29.1,77.2,172.1,Shivamogga,Coconut
29,66,31,6.3,29.0,32.2,83.1,Mandya,Pigeonpeas
46,32,58,6.8,23.7,91.1,148.3,Ballari,Papaya
102,25,34,6.1,22.4,71.3,214.8,Vijayapura,Coffee
41,124,190,6.0,20.3,86.9,113.3,Mandya,Apple
36,51,52,6.7,30.2,96.7,174.4,Shivamogga,Papaya
13,123,196,6.0,19.9,87.6,139.6,Tumakuru,Apple
31,22,13,6.8,17.7,87.5,134.7,Belagavi,Orange
85,57,23,6.4,17.8,59.0,107.1,Belagavi,Maize
117,55,29,6.2,28.0,65.6,75.4,Mysuru,Cotton
11,28,26,6.0,34.6,47.7,107.8,Vijayapura,Mango
66,46,44,7.0,23.5,78.7,169.4,Chitradurga,Jute
10,64,25,5.7,20.7,21.0,124.1,Mandya,Kidneybeans
86,85,44,5.4,30.3,82.3,92.1,Belagavi,Banana
13,141,199,5.8,19.8,79.9,78.3,Hassan,Grapes
74,51,30,6.0,27.9,69.1,152.9,Belagavi,Jute
10,74,24,5.5,19.4,22.3,85.8,Hassan,Kidneybeans
16,56,14,6.1,15.8,28.5,74.9,Tumakuru,Kidneybeans
10,20,48,5.4,23.2,78.6,126.6,Mandya,Pomegranate
104,20,44,6.3,28.5,75.3,64.6,Chitradurga,Muskmelon
131,36,12,6.4,25.1,51.0,100.2,Ballari,Cotton
27,5,7,6.7,13.2,97.9,88.7,Vijayapura,Orange
22,133,196,6.6,28.7,76.5,81.2,Chitradurga,Grapes
16,133,204,6.6,8.8,73.8,98.7,Belagavi,Grapes
41,63,23,5.4,34.8,20.0,116.6,Mysuru,Pigeonpeas
16,56,10,5.8,16.8,18.2,75.1,Vijayapura,Kidneybeans
62,54,14,5.6,25.5,53.6,88.9,Chitradurga,Maize
18,50,29,6.2,32.2,13.5,62.3,Vijayapura,Pigeonpeas
21,16,39,5.8,18.8,78.6,91.8,Chitradurga,Pomegranate
65,63,17,6.1,17.7,58.6,69.5,Mysuru,Maize
19,55,26,6.2,21.8,21.3,38.3,Belagavi,Lentil
45,52,21,7.5,33.2,60.8,97.8,Belagavi,Blackgram
44,74,40,6.2,21.7,15.8,60.0,Shivamogga,Chickpea
38,71,16,6.0,23.3,18.4,121.2,Davanagere,Pigeonpeas
39,60,16,6.5,26.4,14.6,154.3,Davanagere,Pigeonpeas
23,61,26,6.0,22.3,28.2,121.7,Mandya,Kidneybeans
15,17,29,5.3,30.6,40.9,93.8,Hassan,Mango
90,56,41,6.4,25.0,80.5,195.9,Hassan,Rice
57,41,47,6.6,26.9,87.1,156.5,Chitradurga,Papaya
17,54,13,6.9,29.0,28.4,89.7,Hassan,Mothbeans
19,12,32,6.6,25.4,49.2,89.7,Belagavi,Mango
29,54,14,6.0,21.8,28.9,121.8,Ballari,Kidneybeans
28,18,46,6.3,22.1,84.0,83.3,Hassan,Pomegranate
38,128,201,6.6,23.0,96.9,137.9,Shivamogga,Apple
29,43,24,7.3,25.9,55.7,50.0,Mysuru,Mungbean
46,72,28,6.9,25.3,66.3,73.9,Tumakuru,Blackgram
114,19,20,7.2,22.3,54.3,111.3,Mandya,Coffee
88,95,53,5.7,26.4,74.3,104.2,Vijayapura,Banana
41,73,24,7.1,27.3,56.1,48.9,Hassan,Blackgram
80,41,37,7.6,27.7,71.7,291.8,Davanagere,Rice
114,70,57,6.2,28.3,76.5,135.8,Hassan,Banana
32,141,208,5.5,28.3,81.0,58.8,Mysuru,Grapes
44,66,28,6.3,33.7,67.5,98.2,Mysuru,Blackgram
105,24,56,6.4,27.9,89.6,33.0,Davanagere,Watermelon
21,35,38,6.1,26.2,84.3,120.7,Mysuru,Pomegranate
23,59,35,5.9,23.8,29.4,56.5,Mandya,Chickpea
30,51,39,5.9,24.8,12.5,57.9,Davanagere,Chickpea
30,122,200,5.7,29.9,79.7,61.5,Vijayapura,Grapes
84,41,48,6.9,22.1,71.8,165.3,Mandya,Jute
21,44,15,4.3,32.4,35.8,56.3,Belagavi,Mothbeans
30,50,29,6.5,28.7,17.3,80.9,Mandya,Pigeonpeas
21,72,41,7.0,16.9,32.6,41.4,Shivamogga,Chickpea
28,69,18,7.6,24.4,27.5,62.9,Vijayapura,Lentil
23,34,10,6.5,28.9,57.6,52.3,Hassan,Mungbean
113,33,36,6.1,29.5,58.6,141.7,Chitradurga,Coffee
14,34,26,4.0,23.9,31.7,50.4,Tumakuru,Mothbeans
23,57,26,5.6,16.0,14.3,69.4,Tumakuru,Kidneybeans
18,56,23,5.8,14.8,20.4,161.3,Vijayapura,Kidneybeans
17,124,209,5.9,27.8,77.6,51.4,Shivamogga,Grapes
95,27,35,6.1,28.0,62.7,182.5,Chitradurga,Coffee
88,62,46,6.0,24.9,72.5,179.5,Mysuru,Jute
16,51,26,8.9,24.4,40.1,46.0,Ballari,Mothbeans
25,46,27,6.9,26.9,65.6,27.1,Chitradurga,Mungbean
11,29,11,7.3,18.7,97.1,108.3,Mysuru,Orange
96,19,59,6.6,24.2,94.4,28.7,Hassan,Watermelon
29,70,16,5.5,23.7,11.0,65.4,Shivamogga,Pigeonpeas
35,55,33,5.2,25.8,15.9,140.8,Belagavi,Pigeonpeas
29,17,39,7.2,26.4,77.4,131.3,Tumakuru,Pomegranate
10,56,23,5.9,17.4,22.4,41.2,Mandya,Lentil
90,58,37,7.4,24.0,80.4,132.6,Ballari,Jute
88,92,45,6.7,25.5,74.4,73.3,Belagavi,Banana
83,51,15,6.9,22.6,57.8,110.4,Shivamogga,Maize
20,71,18,6.2,13.4,21.3,149.9,Shivamogga,Kidneybeans
19,5,26,5.1,26.3,87.4,195.7,Ballari,Coconut
19,22,43,6.6,19.4,83.9,89.6,Hassan,Pomegranate
26,41,24,8.4,30.4,36.1,31.8,Hassan,Mothbeans
26,27,32,4.8,29.8,99.5,262.5,Ballari,Coconut
85,45,35,6.4,19.4,65.7,217.5,Vijayapura,Rice
25,29,30,6.0,26.2,42.2,86.3,Chitradurga,Mango
22,11,21,5.4,33.8,46.7,81.9,Mysuru,Mango
13,31,13,5.1,28.5,27.1,57.2,Shivamogga,Mothbeans
110,10,51,6.3,26.8,81.4,26.6,Shivamogga,Muskmelon
26,56,20,6.5,20.1,19.8,59.2,Ballari,Lentil
22,56,26,6.8,28.9,58.4,78.1,Belagavi,Mungbean
17,29,32,5.0,27.3,43.9,103.5,Belagavi,Mango
21,21,33,4.8,31.7,46.9,89.3,Vijayapura,Mango
87,32,40,6.8,29.6,83.8,40.0,Chitradurga,Muskmelon
21,51,23,7.3,31.0,74.6,61.6,Belagavi,Mungbean
24,23,45,5.5,19.6,98.2,106.1,Hassan,Pomegranate
86,13,45,7.0,27.9,83.5,61.9,Vijayapura,Muskmelon
37,71,40,5.9,16.4,18.8,20.4,Shivamogga,Chickpea
28,59,14,5.6,19.9,21.1,104.9,Mysuru,Kidneybeans
16,5,34,6.0,29.1,90.4,222.9,Hassan,Coconut
31,65,27,7.2,34.0,57.8,69.4,Chitradurga,Blackgram
28,140,206,6.0,16.9,77.2,56.9,Belagavi,Grapes
24,37,31,6.2,26.7,98.6,133.0,Hassan,Pomegranate
35,59,11,6.5,30.6,71.5,95.3,Chitradurga,Blackgram
60,39,48,7.0,41.1,90.9,258.6,Chitradurga,Papaya
27,20,20,5.0,23.1,98.6,175.2,Davanagere,Coconut
114,11,28,6.9,24.9,51.1,132.4,Shivamogga,Coffee
26,59,26,8.3,34.0,43.9,83.9,Mandya,Mothbeans
20,126,199,6.1,35.5,76.8,75.6,Mysuru,Grapes
64,48,26,7.1,27.4,59.2,70.0,Belagavi,Maize
19,143,190,5.6,19.9,93.4,111.0,Mysuru,Apple
21,141,194,6.1,22.6,86.0,45.9,Mysuru,Grapes
22,41,24,8.7,28.7,50.7,80.2,Shivamogga,Mothbeans
23,54,18,6.0,23.0,12.3,41.3,Ballari,Kidneybeans
101,22,57,6.2,27.1,89.1,67.3,Chitradurga,Muskmelon
104,28,22,6.5,28.5,69.3,171.8,Vijayapura,Coffee
13,64,24,5.8,16.3,26.9,29.0,Vijayapura,Lentil
79,38,43,7.5,23.3,76.4,180.4,Shivamogga,Jute
31,125,192,6.1,30.5,89.8,57.2,Tumakuru,Grapes
24,12,14,6.8,35.0,95.6,97.8,Vijayapura,Orange
90,28,49,6.1,30.8,88.3,33.5,Belagavi,Muskmelon
47,62,55,7.1,31.9,98.7,192.1,Ballari,Papaya
80,63,42,7.5,31.7,71.4,203.8,Mandya,Rice
13,34,20,6.3,27.4,64.2,79.1,Shivamogga,Mungbean
26,52,15,7.5,17.0,22.0,67.5,Chitradurga,Lentil
55,41,41,7.5,31.4,82.9,233.9,Hassan,Rice
27,38,24,6.7,22.3,55.9,18.7,Belagavi,Mothbeans
109,41,27,6.3,26.7,55.6,102.9,Mandya,Cotton
14,120,200,5.9,28.7,75.4,75.3,Mandya,Grapes
109,11,46,6.3,28.1,77.0,64.9,Ballari,Muskmelon
14,32,2,6.7,34.0,85.9,87.7,Mysuru,Orange
63,48,40,7.6,19.9,78.2,150.3,Davanagere,Rice
59,37,17,6.3,20.7,58.9,71.7,Mandya,Maize
109,50,10,6.2,20.2,66.2,99.1,Mysuru,Cotton
15,31,38,5.6,28.7,55.5,79.1,Vijayapura,Mango
28,67,15,6.1,29.5,24.7,41.9,Davanagere,Lentil
22,57,29,8.0,30.6,56.1,37.6,Tumakuru,Mothbeans
13,11,26,5.8,29.9,56.8,108.4,Hassan,Mango
108,8,45,6.1,24.8,78.8,32.5,Davanagere,Watermelon
26,142,209,5.5,19.0,85.7,83.3,Belagavi,Grapes
105,59,16,6.6,27.1,65.2,87.4,Davanagere,Cotton
125,55,14,6.4,22.8,52.0,86.8,Mandya,Cotton
22,141,197,6.2,34.5,76.0,94.9,Ballari,Grapes
109,16,25,7.0,27.7,56.3,176.4,Mysuru,Coffee
30,34,32,6.0,31.4,52.9,118.3,Belagavi,Mango
24,73,10,6.3,16.9,32.3,36.0,Belagavi,Lentil
33,53,26,6.9,25.2,16.5,148.7,Ballari,Pigeonpeas
31,64,30,7.3,17.7,17.1,46.3,Chitradurga,Chickpea
98,34,44,6.3,24.5,93.3,22.3,Belagavi,Watermelon
31,28,8,5.9,20.4,85.1,132.1,Tumakuru,Orange
110,69,53,6.4,31.0,70.4,121.8,Belagavi,Banana
17,37,25,7.0,26.6,60.5,49.3,Shivamogga,Mungbean
34,126,194,5.5,23.2,89.5,86.9,Mandya,Apple
26,14,8,6.1,18.5,89.0,103.9,Tumakuru,Orange
103,18,44,7.0,25.1,81.0,76.3,Belagavi,Watermelon
90,60,42,6.8,31.9,69.4,144.0,Belagavi,Rice
11,44,11,7.3,31.1,73.0,21.2,Davanagere,Mungbean
34,73,34,6.3,20.1,14.9,77.6,Belagavi,Chickpea
42,54,26,6.9,24.0,74.3,71.0,Chitradurga,Blackgram
108,21,57,6.5,24.2,75.2,30.9,Ballari,Watermelon
19,66,33,6.7,24.8,23.2,30.8,Belagavi,Chickpea
116,51,13,6.9,26.9,71.7,107.5,Belagavi,Cotton
66,42,34,7.6,22.5,84.7,135.3,Shivamogga,Rice
14,46,21,6.5,28.2,71.0,67.6,Hassan,Mungbean
11,25,35,6.1,26.2,81.9,86.3,Mysuru,Pomegranate
27,49,24,5.3,26.7,48.1,33.6,Belagavi,Mothbeans
134,47,14,6.8,24.3,61.2,111.1,Belagavi,Cotton
29,24,38,5.9,30.0,48.5,118.1,Shivamogga,Mango
113,5,44,6.8,24.4,94.4,39.4,Chitradurga,Watermelon
42,63,28,5.6,36.3,10.9,89.0,Tumakuru,Pigeonpeas
43,70,22,6.5,30.1,72.3,42.7,Tumakuru,Blackgram
18,8,3,5.8,11.1,85.6,111.5,Hassan,Orange
37,82,40,7.3,25.1,20.2,59.5,Hassan,Chickpea
70,46,41,6.8,33.5,65.4,185.9,Davanagere,Rice
78,47,33,6.5,19.8,90.1,292.5,Shivamogga,Rice
18,140,192,6.5,21.5,87.4,84.8,Tumakuru,Apple
15,139,200,5.8,27.6,77.7,80.5,Davanagere,Grapes
27,11,30,6.1,36.3,53.1,72.7,Tumakuru,Mango
21,41,15,7.2,25.8,63.2,77.7,Shivamogga,Mungbean
70,53,28,5.8,27.0,49.1,114.2,Vijayapura,Maize
85,8,46,6.3,29.1,76.7,20.1,Ballari,Watermelon
44,62,32,5.3,35.2,11.0,116.2,Mysuru,Pigeonpeas
61,46,42,6.2,25.8,89.8,149.3,Hassan,Rice
15,34,12,6.4,20.1,92.5,124.0,Mandya,Orange
89,50,44,7.4,27.9,74.8,213.4,Chitradurga,Jute
101,22,20,5.9,27.1,61.9,108.3,Davanagere,Coffee
113,48,14,6.5,26.3,55.7,50.1,Chitradurga,Cotton
10,25,39,6.0,27.3,90.0,221.8,Shivamogga,Coconut
19,63,18,6.0,15.6,18.9,80.6,Tumakuru,Kidneybeans
14,136,196,6.6,8.9,85.9,61.9,Davanagere,Grapes
103,7,56,6.3,26.9,86.7,23.5,Shivamogga,Watermelon
108,39,27,6.3,23.5,47.6,49.5,Vijayapura,Cotton
21,57,34,6.9,25.1,23.8,98.1,Vijayapura,Pigeonpeas
12,33,10,6.0,14.0,86.5,120.9,Chitradurga,Orange
110,60,12,6.5,25.8,74.2,91.4,Vijayapura,Cotton
82,48,32,6.2,20.0,94.7,264.2,Shivamogga,Rice
41,52,52,6.7,37.0,95.6,219.2,Mandya,Papaya
98,19,45,5.9,25.3,89.6,23.3,Mandya,Watermelon
10,35,49,5.4,24.3,81.8,100.1,Ballari,Pomegranate
19,13,34,6.8,22.5,90.2,89.4,Chitradurga,Pomegranate
14,41,28,5.9,31.1,61.9,74.3,Tumakuru,Mothbeans
11,64,17,6.2,13.4,26.0,62.9,Mysuru,Kidneybeans
53,26,51,6.7,36.3,96.7,249.9,Tumakuru,Papaya
105,10,30,6.1,21.0,48.4,106.7,Davanagere,Coffee
64,42,41,7.0,32.3,91.4,192.8,Belagavi,Rice
18,131,198,6.4,26.0,86.0,100.9,Shivamogga,Apple
12,125,208,6.6,25.9,95.9,99.4,Shivamogga,Apple
90,94,48,6.6,24.0,75.7,88.2,Mysuru,Banana
80,61,44,5.8,27.3,78.4,162.0,Davanagere,Jute
15,34,2,6.6,12.9,98.7,83.0,Hassan,Orange
28,63,37,7.0,18.1,17.5,25.1,Belagavi,Chickpea
10,29,45,6.6,24.0,80.4,132.0,Vijayapura,Pomegranate
65,64,49,6.0,34.4,72.5,148.6,Mysuru,Rice
26,42,13,8.9,31.1,29.2,65.8,Mandya,Mothbeans
32,61,17,6.8,33.3,57.8,67.4,Mysuru,Blackgram
11,140,205,5.8,22.7,89.2,96.9,Hassan,Apple
11,67,10,6.1,17.5,22.4,136.8,Hassan,Kidneybeans
37,60,12,6.8,26.2,70.8,68.4,Chitradurga,Blackgram
68,36,19,6.6,18.4,67.5,69.5,Belagavi,Maize
19,138,204,5.8,23.4,90.7,98.9,Belagavi,Apple
113,30,44,6.2,22.1,81.1,47.0,Vijayapura,Watermelon
14,10,5,7.3,25.9,87.1,90.4,Mandya,Orange
26,47,10,5.6,30.7,30.5,68.0,Chitradurga,Mothbeans
12,42,10,6.2,26.8,64.1,29.8,Chitradurga,Mungbean
21,68,11,6.4,22.0,15.8,18.5,Vijayapura,Lentil
56,37,56,6.4,41.8,85.1,245.5,Mysuru,Papaya
23,47,25,6.5,27.8,69.7,60.0,Ballari,Mungbean
99,78,58,6.1,23.7,89.3,85.2,Ballari,Banana
14,32,14,6.7,30.0,63.9,64.3,Davanagere,Mungbean
23,17,1,6.6,34.7,94.3,135.2,Vijayapura,Orange
91,39,47,6.9,26.8,70.7,197.9,Ballari,Rice
120,23,40,6.6,29.4,92.0,74.1,Hassan,Muskmelon
52,40,57,6.9,41.3,86.3,215.2,Tumakuru,Papaya
43,64,44,6.5,31.3,89.9,213.8,Shivamogga,Papaya
55,64,18,5.7,25.1,47.9,63.3,Shivamogga,Maize
74,36,14,6.5,25.4,74.4,52.4,Davanagere,Maize
40,53,19,6.1,36.1,21.6,155.7,Shivamogga,Pigeonpeas
10,57,19,7.1,21.0,24.5,45.9,Ballari,Lentil
48,35,50,6.7,30.6,85.2,140.0,Ballari,Papaya
11,29,34,5.1,26.3,91.7,258.4,Davanagere,Coconut
26,16,4,7.4,26.7,87.5,129.7,Mandya,Orange
25,54,36,6.7,15.2,25.5,74.3,Mysuru,Chickpea
29,39,11,6.3,28.8,63.2,53.8,Hassan,Mungbean
94,20,45,6.6,26.5,85.3,65.0,Chitradurga,Muskmelon
94,33,39,7.2,33.8,75.1,160.4,Vijayapura,Rice
30,31,22,5.4,25.6,82.7,160.1,Vijayapura,Coconut
39,59,25,7.0,28.3,72.3,94.8,Shivamogga,Blackgram
16,11,7,6.4,20.0,88.7,107.0,Hassan,Orange
34,59,22,6.6,29.3,66.5,49.9,Belagavi,Blackgram
123,20,55,5.8,28.3,94.0,60.0,Vijayapura,Muskmelon
14,59,15,6.4,21.8,30.4,60.1,Mandya,Lentil
93,21,55,6.7,25.5,89.7,46.2,Tumakuru,Watermelon
15,58,23,5.9,21.5,28.1,57.3,Shivamogga,Kidneybeans
23,11,14,7.1,14.5,92.4,111.4,Belagavi,Orange
92,44,19,5.8,22.6,74.7,82.6,Vijayapura,Maize
106,23,28,6.3,23.6,59.6,126.1,Shivamogga,Coffee
57,58,59,6.4,24.7,86.2,181.3,Chitradurga,Papaya
18,37,46,5.9,17.1,85.7,99.2,Tumakuru,Pomegranate
36,57,44,7.3,23.8,32.3,71.5,Hassan,Chickpea
60,35,59,6.8,37.1,95.4,253.7,Mandya,Papaya
106,15,44,6.8,24.4,79.3,57.7,Vijayapura,Watermelon
36,51,15,6.7,24.7,73.2,47.3,Shivamogga,Blackgram
26,130,190,5.5,14.5,70.5,90.5,Ballari,Grapes
41,56,33,5.0,32.4,16.8,93.7,Ballari,Pigeonpeas
16,125,193,6.5,23.9,70.5,99.4,Belagavi,Grapes
44,63,28,4.9,36.1,12.9,136.3,Vijayapura,Pigeonpeas
25,64,24,6.5,16.9,16.1,41.3,Hassan,Lentil
26,16,16,7.5,8.2,87.5,113.3,Shivamogga,Orange
86,17,45,6.7,27.4,83.5,63.9,Vijayapura,Muskmelon
10,31,20,6.1,30.2,99.8,139.8,Davanagere,Coconut
21,141,196,6.3,29.2,72.6,84.7,Hassan,Grapes
95,17,30,6.6,23.1,67.8,129.1,Tumakuru,Coffee
18,34,19,6.4,28.7,72.3,27.5,Davanagere,Mungbean
32,129,204,5.7,23.6,99.6,138.3,Ballari,Apple
33,59,34,6.4,17.4,16.9,21.5,Hassan,Chickpea
18,51,29,4.8,31.8,20.2,124.6,Chitradurga,Pigeonpeas
75,60,45,7.5,21.5,65.4,184.1,Tumakuru,Jute
26,10,33,6.0,30.8,81.6,266.0,Hassan,Coconut
21,124,199,6.6,22.6,94.2,110.6,Shivamogga,Apple
32,143,200,6.4,22.0,71.6,73.9,Chitradurga,Grapes
100,28,39,6.7,26.4,56.6,199.7,Hassan,Coffee
69,45,44,6.7,22.3,89.9,185.9,Hassan,Rice
17,79,32,6.3,19.7,29.5,32.9,Chitradurga,Chickpea
81,64,28,7.1,19.4,64.5,58.8,Hassan,Maize
68,54,34,7.3,24.7,94.6,132.8,Chitradurga,Jute
14,49,29,8.6,24.8,46.4,17.9,Mandya,Mothbeans
26,20,21,4.9,28.4,77.1,252.0,Mandya,Coconut
38,71,38,7.2,17.1,24.0,43.8,Davanagere,Chickpea
20,33,34,5.7,26.7,84.5,205.9,Tumakuru,Coconut
23,33,37,6.7,24.0,79.0,87.4,Belagavi,Pomegranate
96,20,22,6.7,21.8,48.4,190.7,Tumakuru,Coffee
24,50,29,5.4,32.6,26.5,140.9,Chitradurga,Pigeonpeas
115,58,12,8.1,26.3,68.5,81.7,Davanagere,Cotton
31,15,27,5.1,23.8,90.0,242.2,Shivamogga,Coconut
38,63,13,7.1,23.2,61.4,88.1,Mandya,Blackgram
76,40,14,5.4,16.4,73.1,45.6,Hassan,Maize
41,55,28,6.7,26.5,66.2,60.7,Ballari,Blackgram
23,49,23,6.2,27.0,57.5,49.1,Mandya,Mungbean
12,66,14,6.2,16.7,19.4,129.1,Ballari,Kidneybeans
111,37,26,7.5,28.8,59.8,99.0,Mandya,Cotton
35,124,203,6.1,20.0,87.1,126.2,Chitradurga,Apple
32,67,19,5.3,34.1,20.8,129.9,Chitradurga,Pigeonpeas
10,44,10,7.0,27.0,62.5,37.8,Vijayapura,Mungbean
42,70,15,7.6,27.9,55.7,76.7,Tumakuru,Blackgram
39,135,199,6.1,24.0,88.0,113.5,Chitradurga,Apple
112,40,22,7.5,23.5,57.7,73.6,Hassan,Cotton
29,42,14,6.3,25.1,57.5,21.6,Mandya,Mungbean
39,56,48,7.5,25.0,26.9,43.8,Ballari,Chickpea
104,31,43,6.6,27.6,92.0,79.7,Tumakuru,Watermelon
18,37,34,5.8,19.3,76.9,124.3,Davanagere,Pomegranate
27,63,17,5.6,20.9,27.7,160.0,Vijayapura,Kidneybeans
91,33,30,6.7,26.7,56.0,156.2,Mandya,Coffee
21,19,3,6.3,19.2,85.6,81.9,Vijayapura,Orange
69,52,26,6.3,20.0,66.6,41.3,Chitradurga,Maize
25,48,17,6.9,26.3,65.3,78.0,Ballari,Mungbean
12,70,24,6.4,20.6,26.2,39.3,Belagavi,Lentil
74,36,18,5.4,17.2,65.7,86.1,Chitradurga,Maize
88,15,24,6.6,29.7,56.4,130.5,Vijayapura,Coffee
111,33,38,6.5,22.1,60.6,196.3,Vijayapura,Coffee
123,53,27,7.9,21.6,49.3,80.8,Tumakuru,Cotton
25,65,37,7.1,23.6,25.4,64.4,Mandya,Chickpea
15,50,15,7.5,20.1,22.2,58.9,Ballari,Lentil
55,36,56,6.7,24.4,88.1,132.0,Davanagere,Papaya
33,128,191,6.0,22.2,91.8,133.3,Tumakuru,Apple
14,25,33,4.9,28.3,79.3,182.1,Davanagere,Coconut
32,61,36,7.0,20.8,31.7,74.9,Vijayapura,Chickpea
32,21,20,6.1,34.1,44.2,91.7,Hassan,Mango
33,57,28,5.2,26.5,17.8,70.7,Davanagere,Pigeonpeas
78,35,17,5.9,19.6,66.4,76.1,Belagavi,Maize
66,37,43,7.0,26.9,85.8,191.4,Shivamogga,Rice
101,33,31,5.8,21.1,59.0,191.2,Mysuru,Coffee
26,48,24,3.9,22.2,45.6,66.2,Chitradurga,Mothbeans
90,13,52,6.0,22.4,91.3,22.7,Vijayapura,Watermelon
73,35,39,6.9,28.0,66.1,133.3,Tumakuru,Rice
93,91,55,6.5,26.3,71.8,116.3,Belagavi,Banana
41,52,54,6.8,38.7,97.9,203.1,Hassan,Papaya
116,36,19,7.3,29.2,56.0,76.1,Mysuru,Cotton
123,28,59,6.1,25.0,89.5,61.5,Davanagere,Muskmelon
31,140,195,5.5,26.0,87.9,104.9,Vijayapura,Apple
19,16,14,6.8,16.9,92.4,102.5,Ballari,Orange
16,50,30,6.4,33.9,13.1,90.0,Shivamogga,Pigeonpeas
19,34,19,6.3,26.0,56.6,42.1,Ballari,Mungbean
90,57,47,6.1,21.8,68.6,147.1,Shivamogga,Jute
82,39,47,7.3,24.2,92.5,152.4,Hassan,Jute
31,27,26,5.1,25.7,42.6,117.3,Belagavi,Mango
15,72,18,6.8,20.1,25.3,68.5,Chitradurga,Lentil
103,16,44,6.2,24.9,86.9,20.4,Hassan,Watermelon
98,17,40,6.0,28.7,81.3,78.4,Chitradurga,Watermelon
32,14,22,5.8,31.7,41.3,95.2,Ballari,Mango
89,33,34,6.9,27.1,69.8,195.3,Davanagere,Rice
12,26,8,6.3,10.7,87.9,108.6,Hassan,Orange
84,44,30,6.8,22.6,66.6,151.2,Shivamogga,Jute
12,31,48,6.8,23.5,81.7,103.5,Ballari,Pomegranate
114,77,40,6.3,23.7,73.3,108.6,Chitradurga,Banana
122,36,19,7.8,23.4,60.5,100.2,Belagavi,Cotton
87,28,39,6.0,24.2,59.6,121.8,Mandya,Coffee
120,54,10,5.9,27.9,56.0,119.1,Belagavi,Cotton
23,68,16,6.3,31.2,25.7,97.2,Belagavi,Pigeonpeas
27,62,19,5.8,23.4,25.6,56.3,Davanagere,Kidneybeans
81,49,32,7.3,24.5,82.6,146.2,Ballari,Jute
28,22,46,5.8,26.7,82.1,103.5,Shivamogga,Pomegranate
12,7,16,6.3,35.4,90.3,92.6,Vijayapura,Orange
119,52,18,6.1,24.7,64.0,97.0,Hassan,Cotton
112,42,22,7.9,23.0,51.0,55.4,Mysuru,Cotton
22,19,11,6.2,27.2,95.8,90.5,Shivamogga,Orange
38,69,21,6.8,24.9,24.5,94.1,Ballari,Pigeonpeas
67,34,43,6.0,18.2,90.9,309.1,Ballari,Rice
129,51,25,6.2,28.3,60.3,70.2,Mandya,Cotton
25,33,29,5.7,27.4,88.8,259.1,Tumakuru,Coconut
117,49,27,7.1,23.2,62.7,78.8,Vijayapura,Cotton
11,7,34,5.1,26.5,77.8,251.1,Tumakuru,Coconut
61,39,51,6.3,37.4,88.5,266.7,Davanagere,Papaya
99,23,38,6.3,21.4,45.2,187.2,Shivamogga,Coffee
16,12,38,6.0,29.5,88.1,146.5,Tumakuru,Coconut
35,71,35,6.7,17.0,30.9,25.7,Mandya,Chickpea
23,5,33,4.9,23.1,99.1,252.6,Ballari,Coconut
19,54,28,7.5,32.0,22.1,60.2,Mysuru,Lentil
12,126,203,5.7,36.1,79.5,44.7,Tumakuru,Grapes
41,44,41,6.9,30.4,86.3,228.2,Hassan,Papaya
19,66,27,6.0,31.3,23.5,41.1,Davanagere,Lentil
18,62,24,5.8,25.6,33.1,158.0,Davanagere,Pigeonpeas
97,27,28,6.6,26.1,46.0,147.8,Davanagere,Coffee
12,56,10,6.8,27.4,65.3,62.5,Shivamogga,Mungbean
26,144,193,5.5,19.1,92.5,85.8,Mysuru,Apple
21,42,19,4.1,22.3,48.5,45.6,Vijayapura,Mothbeans
46,27,58,6.6,36.7,97.7,251.3,Hassan,Papaya
95,12,36,7.0,29.3,67.8,156.4,Shivamogga,Coffee
95,26,30,6.2,24.5,54.1,125.5,Mysuru,Coffee
38,53,43,7.5,25.6,18.2,30.7,Mysuru,Chickpea
38,70,17,6.7,25.8,25.5,120.6,Belagavi,Pigeonpeas
34,68,18,7.4,31.2,72.8,47.5,Chitradurga,Blackgram
101,78,59,5.9,29.8,72.5,121.8,Vijayapura,Banana
23,136,190,5.3,24.9,87.2,84.2,Mysuru,Apple
98,30,44,6.4,28.3,84.2,22.7,Davanagere,Watermelon
13,55,19,3.9,29.9,57.4,76.7,Vijayapura,Mothbeans
26,69,35,7.0,24.4,30.5,46.7,Hassan,Chickpea
22,125,201,5.7,23.9,93.4,96.4,Chitradurga,Apple
18,16,46,5.3,25.4,87.9,121.6,Mysuru,Pomegranate
15,16,46,7.0,20.1,85.8,118.8,Vijayapura,Pomegranate
18,20,27,5.0,26.3,59.7,96.5,Vijayapura,Mango
57,43,48,6.9,39.5,90.3,212.3,Chitradurga,Papaya
32,11,24,6.6,33.1,58.9,82.7,Mandya,Mango
22,56,23,6.9,27.9,20.0,151.9,Tumakuru,Pigeonpeas
25,27,30,7.1,21.3,80.2,119.8,Shivamogga,Pomegranate
86,44,35,7.3,26.4,78.5,170.7,Davanagere,Jute
15,121,200,5.9,25.0,93.5,96.5,Davanagere,Apple
29,27,21,5.7,32.4,43.7,92.6,Vijayapura,Mango
20,36,11,8.8,25.3,43.5,87.4,Chitradurga,Mothbeans
11,130,199,5.3,33.9,72.2,62.5,Ballari,Grapes
98,32,45,6.2,27.4,80.8,68.4,Mandya,Watermelon
20,72,40,6.8,23.1,26.6,54.9,Belagavi,Chickpea
63,44,46,7.1,41.2,94.6,211.3,Shivamogga,Papaya
18,121,206,5.6,27.5,70.3,51.8,Tumakuru,Grapes
106,26,37,6.9,23.7,73.2,139.7,Chitradurga,Coffee
31,62,23,6.7,24.6,56.2,63.6,Davanagere,Blackgram
123,39,20,6.8,26.4,48.3,46.1,Hassan,Cotton
25,30,14,7.6,37.0,88.1,81.6,Vijayapura,Orange
20,33,36,5.4,22.5,95.8,120.0,Vijayapura,Pomegranate
70,45,37,6.9,21.3,74.1,146.7,Shivamogga,Rice
88,53,32,6.1,24.7,73.8,176.1,Ballari,Jute
23,69,33,7.7,21.5,16.5,63.5,Belagavi,Chickpea
14,73,19,7.2,18.9,28.5,40.0,Mysuru,Lentil
102,9,55,6.3,31.3,78.6,25.3,Mandya,Muskmelon
11,31,49,7.1,20.4,84.7,135.0,Vijayapura,Pomegranate
30,55,29,7.0,33.3,31.1,74.6,Belagavi,Pigeonpeas
88,51,45,6.3,21.5,94.5,206.2,Hassan,Jute
130,59,14,8.0,20.1,63.4,80.6,Ballari,Cotton
74,33,43,6.3,27.0,81.8,171.0,Belagavi,Rice
96,32,35,6.5,22.2,71.7,105.5,Mysuru,Coffee
88,14,27,6.8,21.3,50.2,218.6,Mandya,Coffee
17,32,20,6.9,25.5,64.4,51.3,Vijayapura,Mungbean
28,43,27,5.6,27.9,59.3,54.6,Davanagere,Mothbeans
88,37,33,7.1,24.9,72.3,166.3,Mysuru,Jute
95,13,24,7.0,26.8,60.1,156.6,Tumakuru,Coffee
38,56,10,7.6,32.2,61.7,80.2,Chitradurga,Blackgram
26,65,19,6.1,18.4,12.9,137.9,Davanagere,Kidneybeans
61,40,49,6.3,35.5,89.0,169.8,Belagavi,Papaya
15,27,19,6.3,19.3,93.0,97.4,Belagavi,Orange
29,60,26,6.2,23.5,10.5,124.7,Hassan,Kidneybeans
74,37,31,7.0,22.6,72.2,196.3,Vijayapura,Jute
40,77,43,6.7,16.9,24.6,23.4,Davanagere,Chickpea
17,45,10,6.2,25.1,59.5,29.8,Belagavi,Mungbean
37,52,24,6.6,30.5,73.8,90.9,Shivamogga,Blackgram
40,121,203,6.3,19.3,91.7,86.1,Belagavi,Apple
87,33,38,5.8,25.3,56.6,129.6,Mandya,Coffee
86,85,56,6.4,26.4,80.9,132.4,Shivamogga,Banana
98,26,52,6.4,26.3,77.2,73.5,Mysuru,Muskmelon
62,35,47,7.1,27.5,97.3,185.1,Mandya,Papaya
96,73,46,6.7,24.3,85.2,101.0,Mysuru,Banana
19,27,5,7.4,9.2,89.2,132.5,Shivamogga,Orange
61,47,31,7.3,22.9,69.8,205.2,Hassan,Rice
16,16,48,6.4,18.4,82.6,127.9,Hassan,Pomegranate
17,50,26,5.5,19.1,22.9,45.7,Shivamogga,Kidneybeans
27,48,27,6.4,25.3,68.7,47.9,Davanagere,Mungbean
43,126,193,6.6,25.2,90.6,83.0,Mandya,Apple
31,127,205,5.8,24.4,77.6,53.0,Davanagere,Grapes
28,124,207,5.6,35.5,71.6,92.5,Ballari,Grapes
11,32,33,5.7,25.7,96.7,134.1,Mandya,Pomegranate
16,38,18,7.2,30.8,30.3,19.9,Shivamogga,Mothbeans
14,24,37,6.5,25.1,53.4,78.3,Tumakuru,Mango
16,32,10,7.3,26.2,60.1,39.4,Tumakuru,Mungbean
42,50,29,6.2,24.9,19.5,122.6,Mysuru,Pigeonpeas
18,39,15,7.5,23.8,61.7,69.2,Belagavi,Mothbeans
113,22,55,6.3,25.7,93.3,45.1,Tumakuru,Watermelon
34,18,38,5.7,36.4,52.8,87.5,Chitradurga,Mango
22,26,6,7.0,17.9,92.2,94.9,Hassan,Orange
34,19,12,7.7,30.1,91.9,104.8,Mandya,Orange
113,78,50,6.0,28.1,70.5,121.3,Tumakuru,Banana
15,140,190,6.5,19.6,87.0,103.1,Mysuru,Apple
109,10,41,6.8,29.9,88.1,60.3,Belagavi,Watermelon
18,56,23,5.9,26.7,11.8,79.9,Vijayapura,Kidneybeans
94,22,27,6.3,22.4,55.5,203.6,Shivamogga,Coffee
24,62,17,6.0,22.6,29.1,96.2,Chitradurga,Kidneybeans
58,39,42,6.9,37.2,94.4,260.7,Mysuru,Papaya
43,132,205,5.6,21.4,96.4,97.5,Shivamogga,Apple
92,77,57,6.6,25.4,74.2,90.1,Hassan,Banana
32,128,200,5.8,24.6,97.4,102.1,Mysuru,Apple
115,54,14,7.6,22.7,50.3,41.4,Ballari,Cotton
92,8,46,6.9,26.8,79.9,39.9,Ballari,Muskmelon
29,14,16,6.7,15.0,98.7,100.6,Hassan,Orange
62,39,44,6.5,27.7,90.0,147.6,Chitradurga,Papaya
90,50,24,6.5,22.8,67.9,100.0,Belagavi,Maize
62,38,33,6.3,23.9,79.4,204.5,Tumakuru,Rice
85,62,45,6.8,26.1,93.4,150.7,Vijayapura,Rice
92,39,48,6.5,27.9,88.8,209.1,Mysuru,Jute
24,139,190,6.5,23.2,76.7,61.4,Belagavi,Grapes
22,29,30,5.8,28.8,95.8,232.9,Chitradurga,Coconut
59,46,55,6.5,39.4,91.2,258.0,Shivamogga,Papaya
20,23,28,5.6,26.8,55.6,84.7,Davanagere,Mango
113,31,57,6.7,29.8,77.2,61.8,Vijayapura,Watermelon
12,63,25,7.6,30.3,33.1,32.6,Vijayapura,Lentil
13,58,17,5.5,16.3,23.7,50.3,Mysuru,Kidneybeans
13,32,15,4.7,33.4,38.3,19.2,Ballari,Mothbeans
26,24,49,5.5,23.2,83.9,90.9,Hassan,Pomegranate
28,19,5,6.2,28.9,96.6,92.8,Chitradurga,Orange
68,57,24,6.9,26.3,58.8,109.4,Chitradurga,Maize
106,99,48,5.5,31.8,77.2,114.2,Hassan,Banana
106,76,51,5.8,23.1,82.5,92.1,Ballari,Banana
25,144,195,5.9,30.6,71.1,74.4,Tumakuru,Grapes
87,32,44,6.7,30.7,77.5,56.5,Mysuru,Muskmelon
67,54,32,5.8,22.7,88.0,201.5,Tumakuru,Jute
100,27,47,6.0,25.3,88.7,37.1,Tumakuru,Muskmelon
80,50,30,6.7,26.3,82.8,142.6,Mandya,Jute
29,48,14,8.9,27.7,48.6,39.8,Hassan,Mothbeans
25,66,11,6.0,25.6,28.2,43.3,Chitradurga,Lentil
36,64,23,6.8,28.8,63.0,86.4,Chitradurga,Blackgram
111,21,48,6.1,30.9,87.6,71.7,Vijayapura,Muskmelon
11,133,205,5.6,25.6,78.1,80.8,Mysuru,Grapes
24,65,18,5.5,17.5,27.4,80.2,Chitradurga,Kidneybeans
19,11,9,6.2,10.2,90.9,129.0,Belagavi,Orange
25,27,2,6.8,20.2,90.5,139.7,Mysuru,Orange
95,7,49,6.8,29.2,90.8,63.2,Tumakuru,Watermelon
15,123,195,6.4,23.8,81.8,51.7,Hassan,Grapes
89,76,54,6.7,26.2,89.4,90.7,Tumakuru,Banana
23,36,17,6.9,28.9,62.1,72.5,Ballari,Mungbean
29,57,11,5.9,31.0,28.7,38.9,Tumakuru,Mothbeans
31,60,24,7.4,36.1,71.3,77.3,Ballari,Blackgram
76,60,32,6.7,21.5,75.6,130.4,Davanagere,Jute
124,28,59,7.0,31.0,75.4,67.7,Vijayapura,Muskmelon
91,98,57,6.5,31.7,85.6,133.7,Mysuru,Banana
25,27,10,7.0,13.6,88.8,88.7,Shivamogga,Orange
22,29,30,6.7,18.6,80.9,137.8,Belagavi,Pomegranate
14,72,15,5.8,18.0,21.0,131.6,Vijayapura,Kidneybeans
18,57,13,5.6,22.5,20.2,96.6,Mysuru,Kidneybeans
31,127,197,6.0,20.6,97.2,127.6,Mysuru,Apple
55,50,54,7.1,32.5,96.2,146.4,Chitradurga,Papaya
25,19,34,5.7,32.2,54.9,78.9,Shivamogga,Mango
27,16,14,6.2,30.4,92.0,122.6,Belagavi,Orange
70,35,23,6.4,21.6,49.4,85.1,Mysuru,Maize
11,140,201,6.2,20.4,99.1,98.7,Mysuru,Apple
63,31,58,7.2,37.1,91.8,165.7,Davanagere,Papaya
47,36,51,6.6,37.9,96.3,194.8,Chitradurga,Papaya
12,56,16,6.0,25.2,21.3,63.3,Vijayapura,Lentil
16,144,202,6.3,16.1,87.1,42.0,Davanagere,Grapes
93,29,55,5.9,30.4,82.6,64.6,Tumakuru,Muskmelon
13,34,28,5.9,29.6,54.5,95.3,Hassan,Mango
44,53,20,6.5,32.1,74.8,48.9,Ballari,Blackgram
27,52,28,6.2,32.0,13.9,121.8,Tumakuru,Pigeonpeas
42,36,44,6.3,26.8,93.2,256.6,Ballari,Papaya
17,25,32,4.9,30.6,50.3,91.4,Shivamogga,Mango
45,66,12,6.9,31.6,73.4,98.3,Belagavi,Blackgram
44,62,55,6.5,29.6,90.3,232.9,Chitradurga,Papaya
106,81,49,5.7,32.0,85.7,97.3,Chitradurga,Banana
37,79,19,6.8,30.9,12.4,74.0,Mandya,Pigeonpeas
90,5,52,7.0,22.2,80.2,38.7,Tumakuru,Watermelon
91,91,53,6.7,31.3,73.0,74.1,Chitradurga,Banana
12,37,14,4.6,32.8,34.0,17.9,Chitradurga,Mothbeans
18,71,39,6.2,24.4,16.2,56.6,Chitradurga,Chickpea
26,60,18,5.5,21.4,18.8,81.5,Hassan,Kidneybeans
106,88,56,5.6,29.9,77.3,116.7,Belagavi,Banana
87,62,25,6.9,16.1,73.3,61.5,Hassan,Maize
27,30,36,7.1,16.7,84.9,100.7,Davanagere,Pomegranate
96,17,22,7.1,21.2,59.9,186.2,Mandya,Coffee
22,17,47,6.3,19.1,87.4,107.6,Vijayapura,Pomegranate
121,61,11,7.1,25.2,58.1,58.8,Belagavi,Cotton
41,63,20,7.1,33.3,64.4,83.7,Ballari,Blackgram
88,57,16,6.6,20.9,60.4,88.8,Ballari,Maize
21,25,30,4.9,35.4,57.9,103.2,Chitradurga,Mango
51,39,43,6.7,24.0,89.4,138.6,Mysuru,Papaya
54,34,55,6.6,24.4,86.2,233.3,Chitradurga,Papaya
70,64,44,7.2,23.2,88.3,166.1,Chitradurga,Jute
10,31,39,5.3,33.4,49.0,70.3,Belagavi,Mango
55,58,41,7.0,34.2,99.8,189.4,Tumakuru,Papaya
117,58,26,7.2,22.3,53.9,111.8,Chitradurga,Cotton
103,86,44,6.1,26.5,78.0,138.4,Hassan,Banana
17,73,15,5.9,24.3,11.7,124.2,Tumakuru,Kidneybeans
89,5,47,7.0,25.9,83.5,56.8,Belagavi,Watermelon
48,74,22,7.4,29.8,68.3,50.2,Chitradurga,Blackgram
93,57,44,7.3,22.5,83.7,201.8,Mandya,Jute
90,77,42,5.3,29.8,87.9,129.0,Chitradurga,Banana
97,29,52,5.8,25.9,75.1,70.2,Mandya,Muskmelon
106,12,52,6.6,26.9,79.0,26.7,Ballari,Watermelon
22,20,0,7.6,15.3,89.6,107.4,Hassan,Orange
27,79,41,7.4,24.6,11.6,59.3,Davanagere,Chickpea
56,59,46,7.2,23.5,98.1,147.8,Davanagere,Papaya
104,21,41,6.1,25.0,82.7,58.5,Shivamogga,Muskmelon
12,46,15,7.0,27.9,68.3,25.6,Mysuru,Mungbean
38,53,56,6.4,31.5,99.6,241.5,Davanagere,Papaya
21,36,45,5.5,17.1,88.5,102.4,Ballari,Pomegranate
22,69,21,5.8,22.9,21.7,164.8,Mysuru,Kidneybeans
62,34,38,6.9,18.2,87.1,295.8,Mysuru,Rice
23,10,9,7.2,24.8,96.3,134.8,Mysuru,Orange
33,34,18,7.5,24.6,91.9,127.5,Shivamogga,Orange
13,120,195,5.8,23.8,90.8,123.4,Belagavi,Apple
29,61,20,7.5,24.3,17.6,40.7,Mandya,Lentil
22,48,13,5.9,24.2,40.5,68.3,Tumakuru,Mothbeans
86,14,31,6.5,22.7,48.1,159.3,Mysuru,Coffee
13,124,193,6.4,22.5,92.3,117.6,Tumakuru,Apple
25,53,27,5.9,33.6,28.4,21.1,Mandya,Mothbeans
93,8,52,6.4,29.0,86.1,58.9,Mandya,Muskmelon
19,63,22,6.3,22.2,23.8,31.9,Ballari,Lentil
88,91,58,6.0,26.5,73.2,96.3,Belagavi,Banana
33,69,17,7.2,35.9,70.2,80.5,Belagavi,Blackgram
91,31,30,6.2,21.0,45.3,147.0,Vijayapura,Coffee
74,52,47,6.3,23.6,72.4,168.2,Davanagere,Jute
66,55,32,7.4,25.4,78.9,196.4,Vijayapura,Jute
32,14,29,5.7,29.7,98.1,131.8,Chitradurga,Coconut
51,29,41,6.8,38.8,95.1,239.2,Mysuru,Papaya
32,15,20,5.3,24.9,96.3,235.7,Ballari,Coconut
90,9,53,5.8,25.0,88.6,33.1,Chitradurga,Muskmelon
83,58,28,6.7,20.0,72.5,78.5,Hassan,Maize
19,22,28,5.5,35.7,52.3,75.8,Belagavi,Mango
22,10,14,6.2,18.7,99.1,102.7,Tumakuru,Orange
27,131,209,5.7,17.7,87.3,92.3,Shivamogga,Grapes
19,61,29,5.9,25.5,14.9,62.3,Belagavi,Kidneybeans
27,33,38,7.2,17.6,80.4,92.2,Belagavi,Pomegranate
12,35,45,6.0,18.0,91.3,91.0,Shivamogga,Pomegranate
114,8,40,6.0,31.6,92.8,79.7,Mandya,Muskmelon
81,54,45,7.3,25.6,84.8,201.7,Mandya,Jute
25,53,19,5.5,29.1,32.8,28.3,Vijayapura,Mothbeans
23,125,196,6.5,26.6,76.1,65.6,Chitradurga,Grapes
130,38,23,5.9,26.3,68.4,117.1,Shivamogga,Cotton
25,44,26,6.5,26.0,73.7,62.9,Chitradurga,Mungbean
17,63,18,5.1,28.8,16.0,155.8,Ballari,Pigeonpeas
20,26,37,5.6,24.5,91.7,146.3,Mysuru,Coconut
12,45,19,7.0,29.3,61.0,49.2,Tumakuru,Mungbean
134,51,23,6.8,26.4,57.8,68.8,Ballari,Cotton
28,74,14,5.9,22.9,12.9,57.4,Chitradurga,Kidneybeans
17,34,26,5.6,36.5,41.0,78.2,Vijayapura,Mango
86,53,42,7.3,23.1,74.9,183.4,Tumakuru,Jute
13,32,46,5.6,18.0,92.5,112.5,Mysuru,Pomegranate
114,46,17,7.2,26.7,48.6,111.8,Ballari,Cotton
20,142,205,5.3,29.9,89.8,93.4,Mandya,Grapes
23,66,14,6.6,18.4,26.7,61.7,Vijayapura,Lentil
25,65,28,7.6,27.3,13.6,65.2,Mysuru,Lentil
17,46,24,4.2,27.1,56.9,21.5,Tumakuru,Mothbeans
12,27,10,6.0,20.4,93.5,116.7,Tumakuru,Orange
30,12,9,6.9,24.2,95.1,119.7,Davanagere,Orange
19,46,18,4.4,31.1,54.9,62.5,Davanagere,Mothbeans
20,57,17,7.1,29.7,63.9,26.9,Shivamogga,Mungbean
16,33,14,6.8,24.6,52.9,22.3,Hassan,Mothbeans
11,33,47,6.5,24.9,75.9,94.6,Mysuru,Pomegranate
85,21,43,6.1,26.6,79.0,47.4,Tumakuru,Watermelon
76,42,41,6.3,28.8,77.1,144.9,Davanagere,Rice
115,17,51,6.3,27.4,87.4,25.7,Belagavi,Muskmelon
18,129,198,6.3,22.0,93.0,103.2,Vijayapura,Apple
24,69,12,5.9,24.4,10.5,42.1,Mandya,Kidneybeans
12,25,45,5.6,23.9,98.5,123.2,Mandya,Pomegranate
25,44,28,6.0,23.3,50.7,15.4,Chitradurga,Mothbeans
27,35,14,9.0,32.6,55.7,60.5,Chitradurga,Mothbeans
24,24,35,6.7,23.4,97.9,118.7,Mysuru,Pomegranate
44,63,15,7.4,34.4,72.9,92.1,Mysuru,Blackgram
10,33,24,5.1,29.4,94.1,199.3,Ballari,Coconut
43,142,201,5.9,20.9,87.9,100.3,Tumakuru,Apple
97,15,52,6.6,26.7,92.6,36.5,Vijayapura,Watermelon
18,21,2,6.2,31.8,99.9,109.5,Vijayapura,Orange
67,58,35,7.3,22.3,86.4,146.7,Hassan,Jute
94,55,15,7.2,26.3,54.3,78.8,Hassan,Maize
30,69,16,7.7,36.7,62.5,64.4,Chitradurga,Blackgram
41,78,45,6.2,23.1,13.1,27.4,Mysuru,Chickpea
99,15,55,7.1,26.1,91.5,38.8,Chitradurga,Watermelon
24,18,49,6.3,16.3,99.1,102.7,Vijayapura,Pomegranate
10,138,192,5.7,32.0,84.7,76.1,Hassan,Grapes
87,78,52,5.5,25.6,89.9,130.6,Ballari,Banana
27,39,44,5.6,20.3,97.0,137.3,Mandya,Pomegranate
22,43,10,4.8,30.6,52.4,58.6,Davanagere,Mothbeans
26,31,29,6.4,28.1,68.7,44.7,Mandya,Mungbean
16,27,26,5.1,30.3,43.9,116.3,Mandya,Mango
33,129,193,6.4,21.6,94.1,105.4,Hassan,Apple
21,13,1,6.8,12.3,99.8,130.8,Mysuru,Orange
26,48,13,8.4,28.0,30.3,51.8,Shivamogga,Mothbeans
15,81,47,7.5,22.8,24.5,33.3,Davanagere,Chickpea
20,13,38,5.6,27.5,43.6,70.7,Hassan,Mango
21,73,19,6.0,18.8,29.4,161.1,Shivamogga,Kidneybeans
23,51,21,5.3,25.0,19.7,135.0,Davanagere,Pigeonpeas
110,27,59,6.0,27.4,75.7,25.5,Mysuru,Watermelon
67,45,28,5.4,18.2,54.7,40.2,Mandya,Maize
120,17,52,6.3,27.7,81.6,29.8,Hassan,Muskmelon
42,50,17,6.1,30.3,29.9,103.4,Mysuru,Pigeonpeas
17,36,32,5.4,19.4,86.6,89.9,Hassan,Pomegranate
72,53,19,7.2,16.2,57.7,110.1,Tumakuru,Maize
118,37,25,6.1,22.4,62.4,90.4,Chitradurga,Cotton
11,18,30,6.0,27.8,96.5,168.2,Belagavi,Coconut
23,34,35,5.3,25.0,87.9,134.6,Chitradurga,Pomegranate
39,60,27,6.3,30.5,34.6,115.7,Davanagere,Pigeonpeas
88,7,51,6.2,29.3,84.0,65.7,Mysuru,Watermelon
10,13,8,7.4,28.0,86.1,96.8,Belagavi,Orange
18,124,207,5.6,31.5,85.5,52.0,Tumakuru,Grapes
92,45,35,7.3,24.7,91.6,199.4,Belagavi,Jute
22,38,25,7.3,26.5,52.5,50.2,Hassan,Mothbeans
14,54,18,7.1,25.1,57.6,60.7,Tumakuru,Mungbean
22,67,27,6.8,35.3,26.6,99.0,Tumakuru,Pigeonpeas
22,50,25,6.9,21.1,31.5,26.5,Mandya,Lentil
23,73,21,5.6,14.7,13.2,69.6,Shivamogga,Kidneybeans
58,33,52,6.7,40.3,98.4,256.4,Chitradurga,Papaya
21,70,23,6.1,26.8,23.8,158.0,Ballari,Kidneybeans
130,49,21,6.0,29.8,65.6,82.3,Shivamogga,Cotton
86,34,41,6.6,25.9,89.6,39.7,Vijayapura,Watermelon
15,55,25,4.2,30.4,30.7,38.3,Shivamogga,Mothbeans
83,50,32,7.3,26.9,89.9,180.5,Davanagere,Jute
29,48,25,6.3,30.3,67.3,70.2,Vijayapura,Mungbean
27,44,18,5.1,26.5,46.7,77.2,Tumakuru,Mothbeans
124,19,48,6.9,28.9,85.8,24.0,Hassan,Muskmelon
83,63,33,7.0,27.3,75.8,212.7,Mysuru,Jute
64,38,25,6.3,28.8,74.8,52.8,Ballari,Maize
86,69,56,6.3,24.1,80.2,92.4,Chitradurga,Banana
19,55,13,7.6,31.8,31.2,55.5,Shivamogga,Lentil
103,24,50,6.0,25.9,79.3,46.8,Tumakuru,Muskmelon
15,59,16,6.5,16.2,20.0,61.2,Tumakuru,Lentil
110,99,48,6.1,23.5,84.9,124.5,Shivamogga,Banana
87,66,47,6.6,23.8,76.6,130.1,Belagavi,Banana
29,32,20,7.0,29.0,50.7,85.8,Hassan,Mothbeans
114,47,12,6.7,24.9,73.7,97.2,Davanagere,Cotton
25,32,37,5.7,25.0,44.0,84.8,Ballari,Mango
11,58,23,6.7,28.0,65.8,47.9,Belagavi,Mungbean
14,17,25,6.1,28.1,86.2,179.7,Ballari,Coconut
27,50,19,5.8,30.0,28.0,164.7,Mandya,Pigeonpeas
96,6,54,6.3,26.5,80.5,58.1,Shivamogga,Watermelon
86,23,38,6.2,27.1,74.9,156.4,Tumakuru,Coffee
105,9,52,6.8,29.1,78.2,73.4,Belagavi,Watermelon
88,60,21,5.5,28.0,50.1,98.9,Belagavi,Maize
94,56,48,7.2,26.7,65.4,205.5,Davanagere,Jute
50,34,50,6.7,27.0,95.6,204.9,Mandya,Papaya
108,19,57,6.8,25.6,83.0,43.8,Davanagere,Muskmelon
24,60,32,5.7,27.3,13.2,61.3,Mandya,Pigeonpeas
16,130,202,5.6,29.1,77.8,73.6,Mysuru,Grapes
25,52,27,6.1,30.9,61.1,58.3,Ballari,Mungbean
26,121,191,5.6,30.5,84.6,67.5,Tumakuru,Grapes
28,53,42,7.3,19.8,17.7,56.8,Vijayapura,Chickpea
40,123,199,6.6,21.1,90.3,119.1,Vijayapura,Apple
86,10,48,6.7,29.0,90.0,78.4,Shivamogga,Watermelon
28,57,28,7.1,26.2,17.0,128.2,Tumakuru,Pigeonpeas
10,37,46,5.8,18.7,97.1,107.9,Belagavi,Pomegranate
19,32,10,6.1,28.8,59.6,61.1,Shivamogga,Mungbean
22,36,20,6.4,25.8,74.6,47.7,Tumakuru,Mungbean
92,51,19,6.6,23.6,57.6,70.6,Shivamogga,Maize
112,21,29,6.4,29.9,45.8,121.5,Chitradurga,Coffee
95,95,40,5.9,23.2,78.9,138.9,Chitradurga,Banana
87,65,59,5.7,29.3,83.2,84.8,Vijayapura,Banana
69,37,47,7.3,22.3,89.0,187.1,Ballari,Jute
25,35,26,8.9,31.9,62.5,78.2,Chitradurga,Mothbeans
86,19,37,6.0,22.7,68.9,177.2,Mandya,Coffee
48,54,24,7.4,33.5,69.1,64.3,Ballari,Blackgram
28,65,17,5.5,23.2,17.8,101.0,Davanagere,Pigeonpeas
110,79,48,5.9,29.9,87.2,136.1,Mandya,Banana
111,37,21,6.8,26.1,55.3,94.8,Tumakuru,Cotton
127,47,25,5.9,24.2,67.9,49.6,Hassan,Cotton
26,27,30,5.1,24.5,83.3,204.8,Davanagere,Coconut
120,48,27,7.7,28.4,70.1,43.6,Mandya,Cotton
12,41,28,6.0,31.7,73.4,79.4,Chitradurga,Mungbean
25,65,29,6.1,20.0,14.3,95.0,Davanagere,Kidneybeans
86,71,56,5.9,26.0,82.9,102.0,Davanagere,Banana
15,48,13,7.1,30.3,68.4,77.5,Mysuru,Mungbean
49,63,26,6.3,29.0,72.9,81.4,Vijayapura,Blackgram
14,34,27,6.0,29.3,91.1,175.8,Mysuru,Coconut
48,71,15,6.3,29.1,70.3,74.3,Tumakuru,Blackgram
57,31,32,6.2,25.8,77.3,210.7,Mysuru,Rice
47,71,12,7.0,34.6,63.6,60.7,Davanagere,Blackgram
16,55,24,6.3,30.1,17.4,36.7,Belagavi,Lentil
18,121,195,6.1,21.5,71.0,40.1,Chitradurga,Grapes
21,143,196,5.6,27.8,83.2,96.0,Vijayapura,Grapes
37,123,200,6.0,21.9,94.9,105.7,Shivamogga,Apple
89,57,28,5.4,18.9,51.1,115.4,Chitradurga,Maize
17,31,35,5.8,32.2,44.3,96.7,Davanagere,Mango
87,20,24,7.1,26.5,74.2,132.7,Hassan,Coffee
18,27,33,5.8,23.9,83.0,217.9,Chitradurga,Coconut
56,53,28,7.0,23.1,71.9,75.6,Davanagere,Maize
88,24,30,6.4,28.2,68.5,144.4,Hassan,Coffee
88,62,24,6.8,27.5,48.3,41.9,Mysuru,Maize
134,61,19,7.0,25.4,73.4,88.2,Belagavi,Cotton
35,37,56,6.5,33.8,89.4,212.5,Belagavi,Papaya
93,33,32,6.3,29.8,56.0,102.5,Vijayapura,Coffee
41,61,17,6.9,24.1,55.7,73.8,Mandya,Blackgram
24,11,45,6.8,23.4,92.5,127.8,Vijayapura,Pomegranate
115,5,48,6.5,31.1,89.9,69.3,Shivamogga,Muskmelon
82,64,30,6.4,24.5,94.5,190.7,Chitradurga,Jute
20,24,22,5.9,29.2,48.4,85.7,Mysuru,Mango
94,86,46,5.4,29.9,75.1,121.3,Ballari,Banana
29,29,29,5.4,25.9,50.9,106.6,Ballari,Mango
38,43,47,7.1,39.7,90.3,148.3,Chitradurga,Papaya
17,76,24,5.5,36.3,18.2,127.1,Belagavi,Pigeonpeas
12,21,41,6.5,19.9,92.6,101.0,Hassan,Pomegranate
63,36,43,6.7,24.6,92.9,260.0,Chitradurga,Papaya
32,29,30,5.0,28.5,54.5,94.9,Mandya,Mango
23,30,45,6.7,23.9,76.4,89.6,Tumakuru,Pomegranate
102,33,55,6.7,23.6,81.6,38.5,Mysuru,Watermelon
106,32,22,6.0,22.2,64.2,149.1,Ballari,Coffee
29,138,208,6.3,25.8,91.1,122.5,Belagavi,Apple
23,15,35,6.8,24.1,92.7,123.2,Shivamogga,Pomegranate
21,30,5,6.2,23.2,86.7,125.1,Mandya,Orange
92,24,51,5.8,26.0,75.9,30.2,Mysuru,Muskmelon
105,30,54,6.3,31.6,89.5,34.1,Davanagere,Muskmelon
25,73,27,7.5,28.6,26.2,25.8,Belagavi,Lentil
104,71,54,6.3,27.2,85.6,83.4,Shivamogga,Banana
22,48,23,7.0,30.2,62.0,33.2,Tumakuru,Mungbean
17,126,206,5.4,19.3,98.7,82.4,Tumakuru,Apple
26,126,192,6.3,35.4,72.7,70.9,Belagavi,Grapes
25,55,27,8.1,31.2,27.1,88.6,Vijayapura,Mothbeans
14,29,34,6.0,17.3,82.8,85.3,Belagavi,Pomegranate
16,77,21,7.0,28.4,26.4,162.3,Belagavi,Pigeonpeas
12,32,27,6.7,27.0,61.2,53.8,Ballari,Mungbean
96,26,25,7.1,21.4,57.2,127.2,Shivamogga,Coffee
14,37,18,4.5,22.7,40.3,50.7,Vijayapura,Mothbeans
19,58,31,4.8,28.6,20.7,108.7,Chitradurga,Pigeonpeas
64,33,47,6.4,26.6,95.2,131.3,Davanagere,Papaya
12,31,27,6.4,24.1,56.5,68.7,Chitradurga,Mothbeans
109,22,27,6.7,21.4,55.1,213.0,Tumakuru,Coffee
32,60,21,6.3,23.8,27.0,165.6,Vijayapura,Pigeonpeas
89,57,47,6.1,27.2,84.9,132.6,Davanagere,Jute
11,27,19,5.8,21.5,87.7,86.5,Ballari,Orange
107,92,47,6.3,23.8,83.5,97.7,Shivamogga,Banana
104,31,31,7.1,29.3,59.7,160.3,Mandya,Coffee
28,22,38,5.3,26.3,95.2,104.4,Vijayapura,Pomegranate
40,54,36,7.1,17.3,28.9,76.9,Vijayapura,Chickpea
25,34,27,6.9,31.8,62.3,34.7,Ballari,Mungbean
23,50,24,5.4,23.8,13.0,89.4,Hassan,Kidneybeans
31,6,22,6.0,29.8,82.9,226.6,Hassan,Coconut
99,66,55,5.6,30.8,80.2,125.3,Belagavi,Banana
21,120,201,5.7,20.5,75.0,70.3,Mandya,Grapes
44,60,25,7.4,32.0,61.0,66.1,Belagavi,Blackgram
30,8,13,7.5,14.8,91.9,131.1,Davanagere,Orange
103,28,25,6.7,21.1,51.5,219.2,Davanagere,Coffee
18,67,17,7.3,26.9,25.9,64.0,Shivamogga,Lentil
55,64,38,7.6,21.9,89.4,222.2,Tumakuru,Rice
10,59,17,6.2,28.0,12.0,26.7,Tumakuru,Lentil
18,74,23,7.4,31.9,28.9,39.2,Ballari,Lentil
25,22,36,5.4,29.7,42.6,107.9,Davanagere,Mango
19,77,28,4.8,33.1,18.3,105.4,Ballari,Pigeonpeas
28,141,203,6.5,33.0,77.0,52.5,Mandya,Grapes
31,127,198,5.5,26.9,71.6,94.7,Belagavi,Grapes
94,52,35,6.1,21.2,69.9,135.3,Belagavi,Jute
14,31,22,7.3,31.7,60.6,58.8,Davanagere,Mungbean
113,17,43,6.8,24.8,75.1,38.6,Chitradurga,Watermelon
112,77,49,5.7,24.8,81.7,91.5,Mysuru,Banana
74,40,15,6.8,19.7,71.3,86.7,Vijayapura,Maize
42,51,20,7.3,34.0,59.7,49.0,Davanagere,Blackgram
42,58,57,6.4,39.4,89.8,180.8,Vijayapura,Papaya
105,13,33,6.5,21.8,60.7,194.2,Vijayapura,Coffee
110,35,28,6.6,23.0,73.0,108.9,Belagavi,Cotton
43,57,23,5.9,31.7,19.1,155.9,Chitradurga,Pigeonpeas
29,44,13,4.3,30.1,37.2,36.3,Chitradurga,Mothbeans
30,82,43,7.4,21.1,32.8,42.2,Chitradurga,Chickpea
41,53,42,6.4,22.4,25.5,63.8,Hassan,Chickpea
62,33,43,7.2,25.7,85.8,214.9,Hassan,Papaya
109,16,53,6.4,24.5,77.6,27.0,Vijayapura,Watermelon
12,12,21,5.4,33.6,53.2,85.6,Chitradurga,Mango
29,42,11,7.4,27.6,51.8,21.2,Chitradurga,Mothbeans
28,64,11,7.3,27.8,32.3,33.6,Mysuru,Lentil
11,55,28,6.7,24.4,23.7,59.6,Mysuru,Lentil
102,27,40,6.6,31.1,79.9,31.8,Chitradurga,Muskmelon
28,14,24,5.5,27.3,43.7,90.6,Vijayapura,Mango
87,67,45,5.6,28.6,79.2,92.0,Tumakuru,Banana
21,63,48,6.1,22.1,25.3,41.1,Ballari,Chickpea
88,33,41,6.7,29.1,75.3,30.1,Mysuru,Muskmelon
34,22,34,5.6,24.2,86.9,191.3,Chitradurga,Coconut
90,56,27,5.4,17.9,66.7,113.4,Hassan,Maize
82,42,38,5.8,24.8,79.6,288.9,Vijayapura,Rice
34,13,23,4.9,36.7,45.3,74.2,Hassan,Mango
18,71,13,5.6,13.5,13.1,95.8,Chitradurga,Kidneybeans
92,90,51,6.7,29.8,77.6,89.6,Hassan,Banana
31,133,194,5.5,10.0,74.5,90.9,Hassan,Grapes
25,66,42,5.8,23.2,15.1,71.9,Shivamogga,Chickpea
85,14,48,5.9,22.5,92.0,45.0,Vijayapura,Watermelon
21,144,205,5.8,20.3,90.2,89.1,Vijayapura,Apple
122,45,13,6.5,22.5,47.9,109.2,Vijayapura,Cotton
112,15,36,6.2,22.5,73.1,108.3,Hassan,Coffee
12,31,46,5.9,16.4,81.0,82.5,Vijayapura,Pomegranate
23,17,11,7.2,35.4,94.3,120.1,Tumakuru,Orange
14,45,28,6.7,26.2,68.5,50.8,Tumakuru,Mungbean
13,41,26,8.3,32.9,40.7,24.8,Davanagere,Mothbeans
31,68,22,6.6,36.0,58.9,56.7,Belagavi,Blackgram
24,133,206,6.6,8.1,72.2,85.4,Shivamogga,Grapes
25,31,13,8.0,28.0,43.5,33.5,Davanagere,Mothbeans
90,41,39,7.1,36.2,79.5,284.1,Hassan,Rice
29,69,47,7.2,19.9,26.3,64.9,Vijayapura,Chickpea
21,60,40,6.3,26.5,26.3,73.4,Belagavi,Chickpea
16,43,19,5.6,23.6,46.1,41.7,Vijayapura,Mothbeans
20,126,205,6.6,19.4,74.0,89.9,Vijayapura,Grapes
101,26,44,6.0,27.0,84.3,55.8,Chitradurga,Watermelon
15,58,11,6.3,25.1,66.8,51.6,Vijayapura,Mungbean
19,59,14,5.7,24.8,20.0,125.4,Ballari,Kidneybeans
93,51,38,5.9,27.8,91.0,212.4,Mysuru,Jute
44,52,39,7.1,22.0,10.5,68.3,Chitradurga,Chickpea
12,10,37,6.5,25.7,78.3,80.6,Belagavi,Pomegranate
33,127,192,6.3,32.3,83.0,96.1,Belagavi,Grapes
85,72,56,6.0,29.9,80.8,133.5,Chitradurga,Banana
18,33,25,6.0,35.5,58.1,106.3,Chitradurga,Mango
10,42,22,5.2,24.6,59.8,76.8,Hassan,Mothbeans
107,73,51,5.4,28.0,83.3,85.5,Hassan,Banana
24,44,21,5.6,33.4,38.0,52.5,Davanagere,Mothbeans
11,24,16,6.3,24.1,89.0,126.7,Vijayapura,Orange
85,36,40,7.0,26.1,72.6,186.8,Shivamogga,Jute
21,33,21,7.1,31.0,68.4,56.1,Ballari,Mungbean
107,34,49,6.4,26.8,82.2,73.5,Belagavi,Watermelon
29,69,41,6.3,18.2,22.5,40.1,Mandya,Chickpea
29,133,192,6.5,20.6,88.8,106.5,Tumakuru,Apple
43,61,53,7.2,26.3,90.6,180.5,Belagavi,Papaya
34,125,201,6.0,21.7,73.6,77.3,Belagavi,Grapes
33,138,194,5.6,23.8,90.1,83.8,Vijayapura,Apple
82,35,40,7.5,27.1,84.2,176.6,Hassan,Jute
44,58,14,6.4,35.9,61.5,91.1,Tumakuru,Blackgram
113,77,55,5.8,29.1,72.6,93.7,Hassan,Banana
39,67,28,5.5,36.7,18.6,84.6,Tumakuru,Pigeonpeas
26,17,31,6.1,23.1,78.4,196.4,Vijayapura,Coconut
28,24,0,6.3,33.3,86.8,137.1,Chitradurga,Orange
30,122,196,5.6,34.2,88.7,77.0,Davanagere,Grapes
11,31,23,6.5,27.0,56.8,24.3,Mandya,Mungbean
105,75,47,5.9,27.3,80.0,134.3,Davanagere,Banana
16,56,17,6.1,17.6,12.0,164.0,Belagavi,Kidneybeans
104,96,52,5.9,29.1,83.4,99.7,Chitradurga,Banana
58,25,45,6.4,33.9,97.3,263.3,Mysuru,Papaya
119,27,57,6.1,28.0,88.7,65.3,Tumakuru,Muskmelon
78,55,39,6.8,22.3,90.4,149.8,Ballari,Jute
31,13,18,6.8,29.5,94.6,127.8,Davanagere,Orange
28,32,28,6.5,30.8,47.6,101.8,Belagavi,Mango
118,51,24,8.1,24.3,72.5,49.1,Chitradurga,Cotton
21,5,36,4.9,29.3,78.5,223.3,Tumakuru,Coconut
30,73,17,7.2,25.8,64.4,70.1,Davanagere,Blackgram
25,128,204,5.8,14.7,85.6,98.3,Davanagere,Grapes
27,36,27,4.8,22.5,32.6,20.4,Vijayapura,Mothbeans
106,70,45,6.0,23.6,71.5,139.1,Davanagere,Banana
19,9,11,6.2,22.6,98.0,135.2,Mandya,Orange
83,64,39,6.8,26.2,88.9,143.2,Davanagere,Jute
25,19,8,7.3,24.6,99.1,104.6,Belagavi,Orange
25,58,19,5.9,18.1,19.5,28.4,Mysuru,Lentil
20,34,39,4.9,27.7,43.5,107.4,Mandya,Mango
13,20,32,7.1,19.9,100.0,106.5,Tumakuru,Pomegranate
25,30,14,3.9,28.1,33.5,79.0,Shivamogga,Mothbeans
55,56,40,7.0,25.8,68.6,133.6,Davanagere,Rice
11,54,20,5.9,21.0,10.9,66.1,Shivamogga,Kidneybeans
102,15,52,5.8,25.5,81.5,44.4,Tumakuru,Watermelon
66,56,40,6.3,22.1,92.2,136.8,Tumakuru,Jute
126,44,13,6.6,24.2,63.9,117.4,Shivamogga,Cotton
57,31,40,6.2,20.5,70.2,204.4,Tumakuru,Rice
28,32,24,6.9,30.9,61.2,75.3,Shivamogga,Mungbean
32,74,11,6.8,30.6,69.6,54.7,Vijayapura,Blackgram
33,83,32,6.6,24.5,27.2,57.4,Vijayapura,Chickpea
40,49,46,6.4,25.3,86.3,191.6,Mandya,Papaya
59,58,34,6.4,34.7,93.3,243.9,Ballari,Rice
34,125,204,6.3,23.8,85.7,123.8,Vijayapura,Apple
72,46,45,6.8,32.2,92.9,261.6,Hassan,Rice
39,57,16,5.7,32.5,21.6,144.8,Belagavi,Pigeonpeas
34,12,31,5.4,36.2,45.6,119.3,Tumakuru,Mango
31,8,8,6.0,29.4,99.3,100.6,Belagavi,Orange
31,62,41,6.8,22.4,31.8,68.7,Belagavi,Chickpea
34,55,24,7.4,24.1,74.0,41.6,Hassan,Blackgram
58,48,29,6.8,27.3,71.1,49.1,Tumakuru,Maize
93,11,47,7.0,27.6,87.4,34.7,Davanagere,Watermelon
12,27,21,5.7,33.6,45.6,89.5,Davanagere,Mango
16,32,31,5.2,25.0,95.4,172.9,Chitradurga,Coconut
29,63,22,6.2,29.9,29.1,92.3,Davanagere,Pigeonpeas
25,32,44,6.0,22.2,85.5,109.9,Hassan,Pomegranate
17,64,28,6.0,31.6,13.7,96.1,Mandya,Pigeonpeas
10,10,35,6.1,33.0,46.4,97.5,Tumakuru,Mango
31,21,30,5.8,36.4,47.0,115.7,Chitradurga,Mango
85,20,48,5.8,27.6,84.3,45.8,Ballari,Muskmelon
12,15,32,5.6,36.2,47.7,108.0,Mandya,Mango
59,31,37,7.5,22.2,83.5,234.2,Mandya,Rice
32,25,15,6.1,18.3,94.4,106.0,Hassan,Orange
43,124,199,5.6,19.8,85.7,100.6,Ballari,Apple
41,58,28,6.8,30.2,55.4,60.6,Mysuru,Blackgram
109,19,59,7.2,22.7,78.7,78.1,Belagavi,Watermelon
11,52,15,8.1,32.7,45.7,26.8,Hassan,Mothbeans
18,53,28,7.1,30.9,31.7,45.3,Tumakuru,Lentil
55,53,43,7.6,21.3,73.8,168.0,Shivamogga,Rice
87,59,20,5.5,18.7,45.2,48.7,Hassan,Maize
32,51,37,7.0,19.6,29.3,75.4,Davanagere,Chickpea
15,30,48,5.7,16.1,86.2,82.2,Belagavi,Pomegranate
34,63,21,7.1,33.7,70.1,84.6,Mandya,Blackgram
91,23,25,7.0,26.3,62.6,184.1,Chitradurga,Coffee
36,58,27,4.9,32.2,24.6,153.8,Hassan,Pigeonpeas
43,66,13,6.4,28.7,56.7,80.9,Chitradurga,Blackgram
44,84,41,6.0,26.3,19.0,68.7,Tumakuru,Chickpea
28,61,10,5.8,18.9,17.1,90.4,Chitradurga,Kidneybeans
30,132,191,6.5,29.0,84.6,62.9,Shivamogga,Grapes
91,8,59,6.7,29.8,78.9,76.0,Hassan,Watermelon
114,19,27,7.0,27.5,48.7,125.6,Ballari,Coffee
29,56,18,5.9,24.8,12.2,46.5,Mandya,Lentil
10,18,37,6.8,25.2,98.9,87.4,Davanagere,Pomegranate
93,94,41,5.8,23.9,73.8,109.9,Shivamogga,Banana
108,31,52,6.7,24.2,80.6,46.1,Vijayapura,Watermelon
112,27,47,7.2,22.8,93.0,27.0,Tumakuru,Watermelon
94,49,19,6.9,28.8,64.8,91.7,Mysuru,Maize
57,49,37,6.3,19.1,93.0,288.5,Belagavi,Rice
88,33,43,6.0,24.3,75.7,58.3,Mandya,Watermelon
10,11,33,6.4,22.0,87.6,89.5,Belagavi,Pomegranate
129,42,29,6.6,24.1,50.1,96.5,Belagavi,Cotton
25,60,14,5.3,16.2,11.9,140.9,Ballari,Kidneybeans
21,59,23,7.4,20.2,21.3,43.8,Mandya,Lentil
34,11,28,4.8,25.6,87.4,192.8,Davanagere,Coconut
48,69,22,7.0,35.3,72.3,44.5,Mandya,Blackgram
85,96,55,6.6,26.8,89.0,109.3,Chitradurga,Banana
19,63,28,6.0,25.3,11.9,78.4,Vijayapura,Pigeonpeas
27,36,14,6.1,30.4,74.2,67.6,Mandya,Mungbean
98,15,52,6.7,26.1,81.6,53.9,Shivamogga,Muskmelon
94,10,59,6.5,26.5,85.0,22.8,Belagavi,Watermelon
42,56,18,6.6,36.3,61.7,90.2,Shivamogga,Blackgram
34,70,37,7.3,19.3,19.8,40.7,Belagavi,Chickpea
94,49,38,6.0,27.7,88.5,163.9,Belagavi,Jute
25,68,30,7.1,26.8,13.0,68.6,Ballari,Chickpea
90,15,58,5.9,25.4,80.4,32.0,Ballari,Muskmelon
73,45,34,6.9,34.1,76.4,263.6,Mysuru,Rice
89,49,38,7.6,25.2,83.7,150.0,Tumakuru,Jute
86,16,59,6.1,23.7,85.0,50.5,Shivamogga,Watermelon
91,52,32,5.8,24.0,79.2,158.0,Tumakuru,Jute
34,127,190,5.4,19.0,99.4,114.6,Mandya,Apple
18,141,202,6.2,20.9,93.9,114.0,Shivamogga,Apple
33,23,32,5.4,27.0,87.1,180.5,Ballari,Coconut
34,123,206,6.2,24.5,87.1,52.1,Chitradurga,Grapes
49,59,21,7.1,31.9,67.4,74.8,Ballari,Blackgram
47,64,24,6.9,33.2,61.0,90.3,Vijayapura,Blackgram
11,53,28,7.1,28.6,22.7,22.7,Davanagere,Lentil
31,10,24,6.6,29.9,47.7,113.9,Chitradurga,Mango
11,63,13,6.4,27.4,28.0,36.7,Chitradurga,Lentil
110,34,43,6.9,29.9,91.1,57.3,Belagavi,Muskmelon
90,12,51,7.1,23.6,85.0,61.8,Vijayapura,Watermelon
44,72,10,6.6,29.4,66.1,96.1,Chitradurga,Blackgram
114,31,30,6.0,28.0,63.4,115.4,Ballari,Coffee
75,62,19,5.8,22.2,47.3,104.6,Chitradurga,Maize
20,27,38,5.4,21.0,77.3,118.7,Davanagere,Pomegranate
115,41,13,5.9,28.8,45.4,94.2,Mysuru,Cotton
72,52,43,5.9,22.4,72.7,137.4,Davanagere,Jute
63,57,44,7.2,28.3,88.8,168.3,Mandya,Papaya
90,93,53,6.4,26.5,80.4,137.6,Vijayapura,Banana
30,140,200,6.5,21.9,88.8,81.3,Mandya,Apple
42,79,25,5.7,23.8,33.2,84.1,Ballari,Pigeonpeas
19,52,17,6.9,29.0,71.1,60.7,Hassan,Mungbean
130,45,27,6.8,22.9,60.3,114.2,Vijayapura,Cotton
14,31,41,6.3,24.1,93.3,130.0,Mysuru,Pomegranate
36,55,48,6.6,39.3,98.5,238.4,Hassan,Papaya
89,11,59,6.6,29.4,76.9,71.4,Chitradurga,Watermelon
98,19,30,6.4,21.8,53.0,133.7,Shivamogga,Coffee
28,40,25,7.0,29.3,72.5,47.4,Shivamogga,Mungbean
19,7,20,5.4,27.7,91.0,149.9,Mandya,Coconut
21,9,1,6.1,13.1,85.1,84.3,Mysuru,Orange
39,64,33,5.2,28.0,26.2,94.2,Ballari,Pigeonpeas
57,48,58,7.1,39.9,87.4,241.4,Vijayapura,Papaya
18,129,204,6.1,10.9,84.8,94.0,Hassan,Grapes
29,22,18,7.2,27.3,86.7,121.9,Shivamogga,Orange
82,51,42,7.4,26.3,70.8,187.2,Mysuru,Jute
15,36,22,7.1,30.2,74.4,47.3,Mandya,Mungbean
14,42,24,8.4,29.5,54.3,30.4,Mysuru,Mothbeans
107,35,24,5.8,22.6,52.4,101.0,Vijayapura,Cotton
89,25,34,6.9,25.1,47.9,170.6,Belagavi,Coffee
104,29,36,7.1,25.0,70.2,130.1,Vijayapura,Coffee
127,38,22,5.9,23.7,69.9,48.0,Ballari,Cotton
23,34,24,6.6,31.2,64.3,41.9,Belagavi,Mungbean
64,34,34,6.0,32.8,70.7,243.2,Tumakuru,Rice
106,76,52,5.5,29.3,89.4,124.7,Mysuru,Banana
17,63,27,7.4,26.3,11.9,35.5,Hassan,Lentil
55,35,46,7.4,36.7,73.5,283.4,Chitradurga,Rice
86,51,38,5.8,25.9,78.7,183.7,Vijayapura,Jute
38,50,30,7.4,25.0,24.8,67.4,Mysuru,Chickpea
19,57,45,6.8,18.7,10.2,28.5,Hassan,Chickpea
59,64,43,6.7,22.1,74.9,234.9,Chitradurga,Rice
111,14,54,6.2,28.2,91.8,33.3,Belagavi,Watermelon
33,17,4,6.2,25.1,89.3,137.1,Vijayapura,Orange
118,23,47,6.1,25.5,86.3,30.8,Tumakuru,Muskmelon
41,58,21,7.2,33.1,70.0,98.7,Vijayapura,Blackgram
46,50,47,6.7,41.7,94.6,255.2,Mandya,Papaya
18,8,21,5.2,28.6,87.4,203.7,Mandya,Coconut
50,25,49,6.5,34.4,89.7,185.5,Tumakuru,Papaya
15,78,23,5.5,33.3,22.0,101.2,Davanagere,Pigeonpeas
117,25,51,6.7,26.6,84.7,34.4,Shivamogga,Muskmelon
12,29,3,6.2,19.0,94.2,126.0,Ballari,Orange
17,74,30,5.1,35.1,23.2,128.7,Mandya,Pigeonpeas
60,37,23,6.6,16.9,67.0,52.7,Mysuru,Maize
27,35,29,4.4,29.7,63.8,14.7,Mandya,Mothbeans
16,26,29,6.4,34.1,44.3,90.4,Tumakuru,Mango
28,24,19,6.6,30.3,87.6,111.6,Vijayapura,Orange
13,46,10,7.2,33.7,43.0,57.6,Ballari,Mothbeans
89,30,52,6.2,26.3,79.0,77.6,Mysuru,Muskmelon
24,65,22,5.4,30.9,14.7,68.3,Mysuru,Pigeonpeas
17,63,22,5.8,23.4,21.5,112.2,Ballari,Kidneybeans
59,40,57,6.3,40.8,92.8,260.9,Mysuru,Papaya
13,59,16,7.0,24.4,16.0,26.4,Mandya,Lentil
103,24,36,5.9,22.2,63.3,134.9,Belagavi,Coffee
23,15,43,6.3,18.4,97.6,104.8,Chitradurga,Pomegranate
26,137,190,5.6,9.9,72.5,78.9,Tumakuru,Grapes
10,10,27,5.3,29.2,45.6,79.8,Shivamogga,Mango
119,43,11,6.7,20.8,65.9,65.8,Ballari,Cotton
71,57,24,5.7,20.3,72.7,76.3,Hassan,Maize
105,32,29,6.4,25.3,73.3,130.8,Vijayapura,Coffee
98,21,47,6.7,31.8,89.0,63.3,Vijayapura,Muskmelon
104,19,54,5.9,25.1,76.4,52.7,Davanagere,Muskmelon
122,48,20,6.0,26.5,57.8,61.0,Ballari,Cotton
12,16,18,6.0,9.1,89.3,84.5,Ballari,Orange
92,16,55,7.2,28.7,85.4,26.5,Ballari,Watermelon
22,51,34,5.4,29.0,24.0,76.6,Ballari,Pigeonpeas
26,13,46,6.0,24.8,80.9,86.4,Hassan,Pomegranate
10,37,29,5.5,28.3,38.9,42.5,Hassan,Mothbeans
121,57,26,7.5,24.8,68.3,40.6,Davanagere,Cotton
18,66,17,6.0,34.1,23.1,78.3,Vijayapura,Pigeonpeas
72,60,36,7.2,24.5,89.2,145.4,Mysuru,Jute
101,19,49,6.0,27.2,81.0,39.0,Ballari,Muskmelon
114,13,42,6.9,30.9,80.8,23.5,Mysuru,Muskmelon
15,21,6,6.4,13.2,86.3,111.7,Mysuru,Orange
109,6,40,6.6,26.6,89.7,71.0,Ballari,Muskmelon
18,68,21,6.9,27.8,31.1,64.3,Belagavi,Lentil
39,54,47,6.6,23.6,97.6,157.8,Mandya,Papaya
49,42,57,7.1,36.8,90.8,250.7,Chitradurga,Papaya
10,134,194,6.1,25.4,90.9,107.1,Mysuru,Apple
87,25,53,6.2,30.6,82.7,53.2,Mysuru,Muskmelon
48,59,41,6.3,37.0,87.2,230.0,Shivamogga,Papaya
114,57,22,6.8,28.2,72.6,111.7,Tumakuru,Cotton
102,18,40,7.2,28.3,80.8,47.2,Mysuru,Watermelon
28,28,20,5.1,25.7,53.8,83.7,Davanagere,Mango
24,53,23,5.6,36.1,12.8,60.6,Mandya,Pigeonpeas
10,15,10,5.9,22.0,85.2,118.4,Vijayapura,Orange
129,48,19,6.0,21.0,71.3,51.0,Shivamogga,Cotton
22,21,1,7.2,35.7,88.0,83.7,Tumakuru,Orange
23,54,17,6.2,23.5,19.0,168.2,Hassan,Kidneybeans
30,21,22,5.2,27.2,52.9,77.9,Mysuru,Mango
19,59,12,6.1,24.8,29.2,96.3,Hassan,Kidneybeans
99,99,51,6.0,30.3,86.6,75.6,Davanagere,Banana
56,49,37,6.0,28.8,77.0,297.7,Ballari,Rice
21,54,29,4.1,23.5,56.8,11.3,Ballari,Mothbeans
100,10,28,7.1,23.3,52.5,194.4,Ballari,Coffee
26,27,7,7.2,19.0,98.2,89.6,Hassan,Orange
34,59,24,5.6,33.6,18.3,60.3,Shivamogga,Pigeonpeas
15,18,26,5.5,32.6,54.4,71.0,Belagavi,Mango
102,69,52,6.1,31.7,74.3,91.0,Chitradurga,Banana
24,17,15,6.6,11.2,91.6,89.4,Chitradurga,Orange
58,47,18,6.9,16.1,66.9,51.5,Mysuru,Maize
13,25,35,5.9,26.1,90.9,134.8,Vijayapura,Pomegranate
32,61,22,6.6,32.3,67.7,81.0,Chitradurga,Blackgram
134,63,13,7.6,23.9,63.2,52.3,Chitradurga,Cotton
21,70,13,6.9,27.2,29.4,61.6,Vijayapura,Lentil
74,36,25,5.6,16.5,72.0,95.5,Chitradurga,Maize
27,15,4,6.7,12.1,85.9,124.5,Vijayapura,Orange
109,58,18,6.2,27.8,62.6,50.2,Mandya,Cotton
28,11,37,6.5,29.2,42.0,80.3,Ballari,Mango
32,131,193,6.1,9.8,74.9,91.8,Hassan,Grapes
24,131,193,6.6,21.7,78.7,70.9,Davanagere,Grapes
104,73,49,6.0,27.7,89.1,75.8,Belagavi,Banana
48,59,14,6.5,29.9,62.0,70.9,Hassan,Blackgram
103,92,56,6.6,29.0,86.7,97.4,Shivamogga,Banana
113,85,40,6.0,25.5,75.7,120.7,Shivamogga,Banana
100,27,58,6.8,27.7,82.2,72.3,Vijayapura,Muskmelon
11,35,21,6.7,30.8,65.0,73.3,Davanagere,Mungbean
11,129,204,6.6,17.9,83.9,77.7,Tumakuru,Grapes
33,129,198,6.2,27.9,77.4,53.8,Vijayapura,Grapes
108,36,13,6.2,23.9,54.2,91.9,Hassan,Cotton
101,27,26,6.7,23.4,74.9,194.7,Hassan,Coffee
11,31,22,6.9,30.7,70.7,67.8,Tumakuru,Mungbean
13,6,31,5.5,23.2,81.5,214.7,Davanagere,Coconut
15,52,15,6.9,23.8,22.9,69.1,Vijayapura,Lentil
57,26,57,6.8,33.3,88.8,174.6,Hassan,Papaya
90,22,26,7.2,28.1,52.0,154.3,Vijayapura,Coffee
23,46,17,6.8,22.4,39.6,53.7,Shivamogga,Mothbeans
12,131,195,5.7,20.2,93.9,94.0,Davanagere,Apple
89,50,27,6.2,28.2,69.2,88.8,Vijayapura,Maize
89,15,50,5.9,24.3,87.0,66.3,Mandya,Watermelon
88,59,47,6.1,20.8,87.9,218.3,Belagavi,Rice
111,25,47,6.6,27.7,86.4,73.0,Mandya,Muskmelon
17,50,24,6.7,27.6,74.2,38.7,Chitradurga,Mungbean
23,42,22,5.3,27.3,34.4,67.2,Vijayapura,Mothbeans
65,59,43,7.1,24.0,90.2,210.8,Chitradurga,Jute
24,20,33,5.5,22.4,78.6,126.7,Vijayapura,Pomegranate
93,36,41,7.5,25.7,77.0,181.5,Mandya,Jute
28,61,14,6.2,23.8,17.1,167.7,Vijayapura,Kidneybeans
30,63,12,7.0,28.3,74.5,75.8,Shivamogga,Blackgram
22,48,26,7.3,26.8,57.8,52.5,Hassan,Mungbean
23,32,30,6.5,25.5,51.7,76.3,Hassan,Mango
15,62,31,7.6,17.8,19.2,39.9,Mysuru,Chickpea
110,28,33,6.7,22.8,69.9,165.1,Hassan,Coffee
24,18,6,6.6,22.9,97.1,120.4,Hassan,Orange
20,55,23,6.8,32.8,36.4,30.6,Ballari,Mothbeans
27,139,202,5.6,9.1,78.5,50.0,Ballari,Grapes
14,58,18,7.6,21.0,33.1,34.1,Tumakuru,Lentil
104,72,50,5.6,25.4,76.6,86.4,Vijayapura,Banana
25,53,29,5.3,20.7,19.9,109.0,Mysuru,Kidneybeans
124,50,27,6.1,26.4,57.4,72.8,Chitradurga,Cotton
15,38,30,6.6,16.7,84.2,91.8,Hassan,Pomegranate
32,58,46,6.5,19.1,10.5,66.4,Shivamogga,Chickpea
15,27,37,5.1,32.4,54.7,84.4,Ballari,Mango
10,57,26,7.1,22.1,23.4,65.3,Chitradurga,Lentil
45,72,15,7.5,34.8,71.6,59.3,Hassan,Blackgram
33,65,26,5.4,33.6,11.2,164.9,Shivamogga,Pigeonpeas
15,140,200,5.8,25.8,86.6,82.9,Mysuru,Apple
102,78,41,5.6,25.7,86.6,130.1,Chitradurga,Banana
10,66,29,7.3,21.8,28.7,19.1,Mysuru,Lentil
32,12,22,6.1,28.7,95.6,197.5,Mandya,Coconut
84,55,41,7.2,28.0,69.9,215.0,Hassan,Jute
23,76,34,5.9,22.5,33.7,29.6,Ballari,Chickpea
23,55,43,6.5,17.7,34.4,24.8,Shivamogga,Chickpea
26,53,16,4.5,24.8,30.7,85.6,Chitradurga,Mothbeans
70,33,40,7.0,32.4,74.8,291.4,Mysuru,Rice
25,63,24,4.8,32.1,25.5,92.5,Chitradurga,Pigeonpeas
22,25,26,5.2,26.7,83.5,263.7,Vijayapura,Coconut
35,122,195,6.2,24.5,94.6,83.3,Ballari,Apple
46,62,25,7.3,27.7,68.9,47.3,Chitradurga,Blackgram
38,144,190,6.7,22.8,88.2,89.9,Davanagere,Apple
25,120,205,5.5,18.7,72.8,54.3,Davanagere,Grapes
10,51,27,6.3,29.8,60.2,18.9,Hassan,Mothbeans
105,8,44,6.9,24.7,91.6,26.0,Shivamogga,Watermelon
107,85,57,5.6,29.9,86.3,139.0,Chitradurga,Banana
13,139,206,6.4,25.5,88.3,48.7,Mandya,Grapes
43,78,29,7.0,34.9,20.8,79.0,Hassan,Pigeonpeas
31,70,16,6.4,34.5,61.9,89.2,Vijayapura,Blackgram
26,48,28,6.9,31.1,73.8,70.0,Vijayapura,Mungbean
23,53,20,7.1,30.5,58.9,54.6,Vijayapura,Mungbean
104,10,56,6.7,24.6,90.2,63.4,Chitradurga,Watermelon
18,64,26,6.6,21.1,27.4,53.0,Vijayapura,Lentil
16,19,13,6.5,21.6,85.6,100.5,Hassan,Orange
34,131,203,6.6,25.4,91.3,106.8,Ballari,Apple
16,71,27,5.6,26.4,12.1,98.2,Belagavi,Kidneybeans
16,137,202,6.3,19.8,74.9,42.1,Chitradurga,Grapes
26,51,10,5.4,14.9,18.6,162.2,Hassan,Kidneybeans
12,37,28,5.8,31.8,28.2,78.9,Chitradurga,Mothbeans
21,67,19,5.6,25.4,26.2,46.0,Hassan,Kidneybeans
34,10,13,6.1,12.0,89.3,100.1,Shivamogga,Orange
69,42,32,6.9,27.6,69.1,189.0,Shivamogga,Jute
121,11,40,6.3,31.0,82.1,30.3,Vijayapura,Muskmelon
10,38,39,5.5,20.0,79.2,131.6,Vijayapura,Pomegranate
73,38,25,6.4,26.5,62.3,67.2,Hassan,Maize
116,59,26,6.1,25.9,72.9,99.3,Vijayapura,Cotton
72,61,32,7.0,21.4,84.7,169.1,Shivamogga,Jute
127,48,11,8.0,22.7,53.5,94.8,Davanagere,Cotton
49,63,22,7.0,33.9,62.2,53.1,Belagavi,Blackgram
21,34,35,5.9,25.3,95.1,146.9,Tumakuru,Coconut
70,62,21,7.1,24.4,64.4,44.7,Shivamogga,Maize
41,77,24,6.2,34.2,20.4,146.8,Mysuru,Pigeonpeas
12,60,15,7.5,22.9,20.7,24.4,Mandya,Lentil
20,9,25,5.9,30.7,77.0,266.7,Mysuru,Coconut
27,59,30,6.3,22.4,34.9,63.4,Shivamogga,Chickpea
66,54,32,7.1,27.9,80.5,161.3,Ballari,Jute
27,14,38,5.3,23.9,99.2,92.0,Belagavi,Pomegranate
91,49,34,6.8,36.5,94.3,184.1,Mysuru,Rice
26,52,10,6.5,28.0,62.8,63.1,Vijayapura,Mungbean
118,26,45,6.3,27.3,88.5,26.9,Tumakuru,Muskmelon
33,64,27,6.9,23.3,58.5,48.6,Ballari,Blackgram
92,21,52,6.3,31.2,84.1,75.1,Belagavi,Muskmelon
33,64,19,6.3,33.9,55.8,91.3,Hassan,Blackgram
14,21,36,6.8,20.1,93.6,135.8,Shivamogga,Pomegranate
83,57,39,6.4,21.9,79.0,151.3,Davanagere,Jute
15,122,194,6.6,24.0,96.3,83.5,Belagavi,Apple
22,143,194,5.6,21.2,97.0,83.8,Belagavi,Apple
27,35,44,6.5,26.8,83.6,120.8,Chitradurga,Pomegranate
10,129,205,6.5,21.6,87.4,100.7,Davanagere,Apple
25,134,191,5.7,27.2,80.7,50.0,Mandya,Grapes
12,69,12,7.0,25.5,10.6,59.7,Mysuru,Lentil
34,7,23,5.0,29.7,92.1,182.9,Belagavi,Coconut
30,18,6,6.7,36.3,96.7,92.3,Belagavi,Orange
132,59,10,6.2,23.8,45.4,48.4,Belagavi,Cotton
33,62,27,6.3,33.6,73.4,67.6,Vijayapura,Blackgram
33,136,200,5.9,23.0,93.0,87.4,Vijayapura,Apple
96,7,50,6.4,27.9,83.6,28.7,Belagavi,Watermelon
17,56,24,5.8,22.2,14.7,86.6,Chitradurga,Kidneybeans
72,61,24,6.2,18.4,73.6,114.8,Davanagere,Maize
17,38,26,6.7,25.5,58.1,52.5,Belagavi,Mungbean
17,50,15,6.0,23.4,22.6,132.4,Vijayapura,Pigeonpeas
30,64,28,7.1,33.9,26.1,155.3,Mysuru,Pigeonpeas
24,32,27,6.2,28.0,64.7,43.9,Belagavi,Mungbean
20,34,35,6.0,21.8,78.5,116.9,Ballari,Pomegranate
97,30,21,5.8,29.4,50.0,199.4,Davanagere,Coffee
69,60,33,7.2,21.1,81.9,206.0,Davanagere,Jute
17,56,17,5.8,22.2,32.3,32.5,Ballari,Mothbeans
32,71,13,6.9,30.9,68.6,87.6,Vijayapura,Blackgram
69,53,18,5.5,21.4,58.8,93.7,Mandya,Maize
87,51,41,6.8,23.6,82.1,145.4,Mysuru,Jute
33,71,16,5.7,33.8,11.4,113.7,Hassan,Pigeonpeas
98,33,40,6.6,26.0,93.1,44.6,Vijayapura,Watermelon
113,56,27,7.9,23.8,50.8,94.7,Shivamogga,Cotton
107,34,34,6.1,26.5,65.4,176.2,Vijayapura,Coffee
26,35,18,6.5,32.4,27.7,12.2,Shivamogga,Mothbeans
37,74,36,6.5,17.9,34.8,39.3,Belagavi,Chickpea
32,132,190,5.6,23.2,86.4,103.8,Davanagere,Apple
12,121,201,6.4,16.1,82.7,53.1,Mysuru,Grapes
49,57,20,7.6,34.4,64.5,59.2,Hassan,Blackgram
108,46,19,7.4,28.8,70.4,80.6,Mandya,Cotton
22,75,29,6.6,23.4,14.6,145.3,Ballari,Pigeonpeas
29,26,17,5.8,8.4,87.0,108.3,Belagavi,Orange
34,129,196,5.9,22.2,76.7,43.5,Chitradurga,Grapes
24,27,32,5.6,27.9,55.7,92.3,Shivamogga,Mango
44,72,13,7.1,27.9,65.5,67.6,Ballari,Blackgram
18,52,13,6.7,26.9,62.4,11.8,Mandya,Mothbeans
23,15,40,6.0,23.0,77.4,81.9,Belagavi,Pomegranate
13,59,18,6.9,18.1,10.9,69.4,Hassan,Lentil
16,41,18,7.0,28.5,59.6,10.1,Mysuru,Mothbeans
29,58,15,5.4,33.6,26.0,78.7,Belagavi,Mothbeans
24,31,4,6.8,28.9,95.9,98.4,Chitradurga,Orange
12,31,15,6.1,25.8,97.9,126.7,Davanagere,Orange
16,58,31,6.2,21.2,29.1,71.1,Hassan,Chickpea
13,23,29,5.6,26.6,45.8,80.1,Chitradurga,Mango
33,62,26,6.8,31.7,14.9,68.7,Mysuru,Pigeonpeas
22,68,45,6.5,16.4,30.4,35.1,Shivamogga,Chickpea
52,53,59,6.7,33.8,94.2,243.4,Mysuru,Papaya
112,20,43,6.6,23.8,82.2,72.9,Mysuru,Watermelon
23,67,19,7.2,26.9,27.7,21.8,Davanagere,Lentil
40,54,10,6.4,24.9,56.9,77.1,Chitradurga,Blackgram
111,18,23,7.1,25.0,70.0,151.8,Belagavi,Coffee
94,29,54,6.9,27.8,82.5,49.0,Ballari,Muskmelon
26,58,18,7.1,30.5,61.7,28.8,Chitradurga,Mungbean
26,27,47,6.7,21.2,77.7,113.2,Tumakuru,Pomegranate
24,50,25,6.9,19.6,33.6,35.5,Shivamogga,Lentil
97,26,34,7.0,27.3,65.8,198.2,Shivamogga,Coffee
59,54,40,6.9,38.2,93.5,247.6,Shivamogga,Papaya
99,28,45,5.9,24.0,86.1,65.3,Tumakuru,Watermelon
80,48,31,6.8,25.5,68.5,188.3,Shivamogga,Jute
21,53,10,5.5,26.7,23.2,55.9,Hassan,Kidneybeans
92,93,42,5.6,26.2,75.3,111.4,Belagavi,Banana
11,73,26,7.3,20.5,33.4,56.2,Mandya,Lentil
118,43,29,6.5,22.3,64.2,118.5,Ballari,Cotton
88,14,22,6.4,23.7,49.8,116.6,Hassan,Coffee
114,88,58,6.2,31.5,73.9,75.7,Belagavi,Banana
94,30,56,6.8,27.9,83.5,43.7,Ballari,Muskmelon
84,38,33,6.9,27.3,74.2,280.7,Belagavi,Rice
94,21,54,6.8,24.3,82.3,27.7,Shivamogga,Watermelon
102,74,50,6.4,30.3,89.4,81.2,Shivamogga,Banana
14,124,196,6.5,35.8,77.9,77.5,Hassan,Grapes
12,36,22,4.4,23.8,63.8,76.8,Ballari,Mothbeans
23,29,43,5.6,25.1,88.7,134.1,Vijayapura,Pomegranate
17,28,33,7.0,23.6,97.2,112.6,Mandya,Pomegranate
19,20,24,4.9,33.9,43.1,94.5,Tumakuru,Mango
11,13,33,5.3,25.5,43.1,112.4,Chitradurga,Mango
84,63,35,5.9,24.6,77.7,192.5,Tumakuru,Jute
27,20,41,7.1,19.2,87.9,124.5,Davanagere,Pomegranate
114,14,35,7.1,28.7,72.2,184.4,Chitradurga,Coffee
125,60,25,8.1,28.6,74.1,46.5,Ballari,Cotton
17,46,13,6.7,25.5,57.8,57.3,Chitradurga,Mungbean
23,40,15,7.2,27.6,46.1,79.3,Ballari,Mothbeans
61,55,46,6.9,33.8,96.6,182.4,Hassan,Papaya
25,50,17,7.4,30.4,23.1,62.9,Ballari,Lentil
98,33,43,6.9,22.4,75.5,52.9,Davanagere,Watermelon
60,28,55,6.9,29.1,90.4,236.4,Belagavi,Papaya
36,137,191,6.2,21.4,92.9,80.9,Hassan,Apple
15,16,31,5.1,30.9,89.1,206.7,Ballari,Coconut
95,24,55,6.2,22.2,92.2,76.8,Ballari,Watermelon
21,17,41,5.5,24.8,96.8,107.2,Mysuru,Pomegranate
99,14,45,6.8,28.9,87.9,37.8,Vijayapura,Muskmelon
22,12,35,5.5,35.4,40.9,70.9,Davanagere,Mango
113,27,21,6.7,24.6,53.2,174.7,Vijayapura,Coffee
102,33,23,6.5,30.0,45.5,109.9,Vijayapura,Coffee
108,92,54,5.7,26.5,88.2,120.0,Davanagere,Banana
51,33,40,6.4,28.1,98.1,232.9,Shivamogga,Papaya
52,52,49,6.7,40.6,90.5,266.8,Belagavi,Papaya
23,76,44,6.6,17.3,33.2,33.0,Shivamogga,Chickpea
94,33,23,6.0,27.2,62.0,137.1,Shivamogga,Coffee
12,56,14,7.2,28.0,55.1,22.4,Ballari,Mothbeans
100,14,29,7.0,22.8,50.6,120.4,Belagavi,Coffee
123,24,44,5.9,28.7,87.1,66.6,Shivamogga,Muskmelon
26,62,14,6.4,23.6,25.3,60.1,Tumakuru,Lentil
59,34,33,7.4,22.4,70.7,139.1,Davanagere,Rice
19,18,24,5.5,24.5,96.7,249.9,Davanagere,Coconut
82,51,36,7.2,33.8,81.8,274.3,Shivamogga,Rice
18,143,193,5.5,19.8,84.1,49.1,Chitradurga,Grapes
35,50,10,7.3,36.1,74.1,79.8,Tumakuru,Blackgram
22,121,193,5.7,25.2,90.6,102.9,Chitradurga,Apple
46,51,21,7.6,26.9,60.6,96.7,Tumakuru,Blackgram
26,50,14,5.8,16.1,15.5,134.4,Ballari,Kidneybeans
25,29,30,6.2,27.4,51.7,98.4,Tumakuru,Mango
23,59,19,5.8,26.7,17.9,141.5,Belagavi,Kidneybeans
99,73,42,6.1,30.5,70.1,85.7,Tumakuru,Banana
13,46,23,6.8,25.3,59.0,31.8,Ballari,Mungbean
36,60,15,5.4,27.3,20.6,154.3,Mysuru,Pigeonpeas
112,26,28,7.2,28.0,53.1,169.8,Davanagere,Coffee
20,28,31,5.5,25.2,88.4,268.0,Vijayapura,Coconut
26,13,30,5.9,29.4,90.8,173.4,Hassan,Coconut
85,47,19,6.7,27.2,72.5,88.3,Mandya,Maize
32,51,47,6.0,15.9,22.7,53.4,Shivamogga,Chickpea
24,131,190,5.5,10.0,87.8,55.3,Vijayapura,Grapes
32,51,23,6.0,31.8,11.2,61.7,Ballari,Pigeonpeas
39,74,40,7.6,26.4,11.5,37.5,Shivamogga,Chickpea
31,139,194,6.3,24.8,99.3,137.2,Mandya,Apple
25,46,23,6.9,27.3,69.9,78.5,Davanagere,Mungbean
27,39,19,6.4,23.0,60.5,59.7,Tumakuru,Mothbeans
10,32,10,5.2,22.1,53.1,70.6,Belagavi,Mothbeans
18,69,33,5.9,19.6,19.9,67.6,Tumakuru,Chickpea
24,42,18,4.3,27.0,48.2,38.7,Mandya,Mothbeans
21,34,22,7.3,31.3,72.8,60.5,Ballari,Mungbean
39,30,43,7.1,28.1,99.4,269.0,Ballari,Papaya
100,31,49,6.8,29.6,75.6,58.9,Tumakuru,Muskmelon
72,39,47,7.0,26.3,92.4,212.6,Belagavi,Jute
94,48,28,6.1,19.6,70.5,84.5,Mandya,Maize
117,45,16,7.2,28.8,60.2,106.8,Belagavi,Cotton
31,20,9,6.8,33.0,89.3,109.2,Tumakuru,Orange
12,6,9,6.2,20.3,94.0,97.2,Tumakuru,Orange
105,30,54,6.8,25.6,86.6,74.7,Tumakuru,Watermelon
65,53,32,6.5,23.9,85.1,151.3,Chitradurga,Rice
39,69,17,6.3,23.9,66.8,55.3,Shivamogga,Blackgram
34,82,35,5.8,15.0,28.9,78.0,Belagavi,Chickpea
57,61,26,6.0,16.6,63.4,48.2,Ballari,Maize
128,54,13,8.1,26.7,51.8,40.1,Shivamogga,Cotton
69,36,25,6.9,18.4,63.1,75.9,Ballari,Maize
22,60,29,5.7,24.3,13.9,41.4,Ballari,Kidneybeans
110,74,46,6.6,24.3,72.4,106.9,Mandya,Banana
20,50,16,6.8,30.2,70.6,39.4,Davanagere,Mungbean
94,22,43,6.3,28.3,81.6,25.4,Mysuru,Muskmelon
19,12,22,5.6,27.9,57.5,117.2,Davanagere,Mango
97,30,52,6.8,31.9,78.3,45.5,Shivamogga,Muskmelon
101,90,58,5.6,31.4,76.8,115.2,Mysuru,Banana
59,42,15,6.2,22.3,68.8,98.5,Hassan,Maize
20,38,45,6.3,19.2,92.2,106.1,Vijayapura,Pomegranate
13,125,190,6.1,29.3,78.3,60.0,Mysuru,Grapes
72,41,27,7.0,18.4,73.6,114.4,Davanagere,Maize
72,42,30,6.0,25.0,73.6,220.3,Ballari,Rice
24,69,26,5.5,22.6,21.7,43.8,Vijayapura,Kidneybeans
99,19,37,6.3,29.8,47.2,101.7,Shivamogga,Coffee
21,52,28,7.6,18.6,24.1,47.2,Davanagere,Lentil
18,21,14,7.2,28.5,89.5,112.5,Mandya,Orange
67,63,40,6.5,34.2,94.8,177.7,Shivamogga,Rice
29,51,29,6.6,27.2,67.8,40.5,Shivamogga,Mungbean
36,74,46,7.5,23.7,16.3,52.1,Chitradurga,Chickpea
44,55,29,6.3,28.8,61.1,83.9,Hassan,Blackgram
33,132,191,6.6,12.6,71.8,88.1,Hassan,Grapes
78,52,41,6.3,23.0,79.3,169.1,Chitradurga,Jute
12,68,14,6.0,18.7,25.3,87.3,Shivamogga,Kidneybeans
25,16,12,6.4,10.6,99.8,130.1,Davanagere,Orange
96,66,59,6.4,26.3,73.4,80.6,Tumakuru,Banana
25,34,20,6.2,28.5,81.3,245.6,Mysuru,Coconut
24,54,28,7.0,26.0,23.5,25.1,Davanagere,Lentil
90,65,47,5.4,28.7,88.2,107.0,Shivamogga,Banana
28,19,26,5.5,26.5,79.7,172.5,Davanagere,Coconut
27,34,46,6.8,17.4,99.6,138.3,Mysuru,Pomegranate
64,43,21,5.6,16.9,49.5,74.3,Davanagere,Maize
51,33,46,7.0,27.0,87.8,237.0,Vijayapura,Papaya
92,78,54,6.5,30.0,74.2,138.6,Belagavi,Banana
90,10,22,6.2,25.5,54.0,121.2,Chitradurga,Coffee
26,56,18,6.7,34.3,19.2,166.5,Belagavi,Pigeonpeas
29,16,23,5.0,29.5,99.6,195.5,Vijayapura,Coconut
15,62,23,7.2,22.2,28.0,51.4,Tumakuru,Lentil
113,8,50,5.9,31.9,92.5,73.0,Mandya,Muskmelon
15,21,36,5.8,26.5,96.0,177.3,Ballari,Coconut
118,24,59,6.8,28.1,81.1,63.6,Tumakuru,Muskmelon
16,50,44,6.8,22.0,29.2,56.2,Ballari,Chickpea
14,40,26,6.2,33.1,33.9,59.3,Ballari,Mothbeans
34,138,207,5.4,31.4,73.4,76.1,Davanagere,Grapes
85,92,41,5.5,24.3,87.2,138.5,Vijayapura,Banana
86,74,56,6.1,25.5,71.6,109.3,Ballari,Banana
119,51,11,7.6,23.4,72.5,45.8,Belagavi,Cotton
48,56,26,7.2,36.8,60.4,88.6,Belagavi,Blackgram
17,60,41,7.0,22.3,23.1,79.2,Chitradurga,Chickpea
10,39,35,6.1,22.9,94.9,108.0,Hassan,Pomegranate
30,136,194,6.2,18.0,77.0,64.3,Ballari,Grapes
16,79,28,7.0,33.9,32.9,127.5,Belagavi,Pigeonpeas
22,68,16,6.2,22.9,21.9,49.9,Chitradurga,Lentil
25,130,193,5.7,29.9,86.7,69.3,Vijayapura,Grapes
121,42,11,6.4,23.0,46.8,94.8,Mysuru,Cotton
45,71,21,6.6,31.5,55.5,45.0,Shivamogga,Blackgram
53,46,57,6.7,36.4,85.8,136.3,Belagavi,Papaya
30,135,192,6.6,19.4,90.1,135.7,Mandya,Apple
23,33,27,5.7,24.5,84.9,229.4,Chitradurga,Coconut
95,93,56,5.7,29.7,84.3,104.6,Ballari,Banana
15,20,17,6.4,13.3,94.8,91.1,Belagavi,Orange
34,58,16,7.2,27.1,70.4,85.0,Hassan,Blackgram
111,30,37,6.5,29.0,69.3,126.6,Ballari,Coffee
27,59,13,7.1,28.5,60.8,44.5,Vijayapura,Mungbean
127,52,21,6.9,26.5,68.9,68.5,Mysuru,Cotton
12,38,36,5.5,16.4,91.8,111.6,Tumakuru,Pomegranate
58,35,23,7.2,27.1,61.7,83.3,Mandya,Maize
67,45,40,7.1,21.4,82.7,140.7,Tumakuru,Jute
15,33,21,4.7,25.3,40.7,60.6,Davanagere,Mothbeans
17,32,35,6.7,21.0,81.6,123.6,Hassan,Pomegranate
65,57,27,6.2,22.2,66.8,94.5,Belagavi,Maize
56,40,49,6.8,24.7,85.4,153.9,Ballari,Papaya
41,72,44,7.2,23.1,20.9,45.0,Belagavi,Chickpea
57,41,50,6.6,23.0,99.1,218.5,Chitradurga,Papaya
24,143,205,5.6,17.8,79.7,92.2,Mysuru,Grapes
13,22,45,6.8,21.1,99.5,82.4,Vijayapura,Pomegranate
18,59,11,6.6,29.2,32.3,35.6,Mysuru,Lentil
35,60,45,7.5,18.2,28.4,43.8,Ballari,Chickpea
26,57,22,6.1,25.2,26.9,118.3,Hassan,Kidneybeans
32,9,15,6.9,16.4,99.2,85.2,Davanagere,Orange
88,97,46,5.4,31.6,83.3,93.5,Mysuru,Banana
24,74,12,6.1,21.4,29.4,121.6,Chitradurga,Kidneybeans
36,52,39,6.9,20.3,21.6,56.5,Mysuru,Chickpea
29,52,18,6.4,26.9,66.0,56.5,Chitradurga,Mungbean
64,56,17,6.2,27.0,74.7,53.6,Belagavi,Maize
27,67,24,6.2,18.8,12.1,101.3,Belagavi,Kidneybeans
85,75,57,6.1,25.4,84.5,106.6,Vijayapura,Banana
32,30,36,6.1,26.2,86.5,153.7,Tumakuru,Coconut
85,22,46,6.5,26.7,89.0,26.0,Davanagere,Muskmelon
21,27,9,7.2,33.9,88.9,108.0,Mysuru,Orange
25,30,27,5.2,33.0,54.3,109.6,Tumakuru,Mango
45,34,49,7.1,32.8,93.4,226.2,Hassan,Papaya
94,6,52,6.5,22.1,87.3,40.2,Tumakuru,Watermelon
28,26,35,5.7,31.2,58.5,87.8,Hassan,Mango
13,23,30,6.0,23.8,90.9,140.6,Mysuru,Coconut
101,31,28,6.6,25.5,66.7,117.1,Hassan,Coffee
52,49,55,6.6,33.5,94.3,217.2,Tumakuru,Papaya
19,20,0,6.7,27.0,90.9,89.3,Belagavi,Orange
63,42,59,6.5,30.9,99.6,132.7,Mysuru,Papaya
92,27,44,7.1,25.6,93.0,66.7,Mysuru,Watermelon
18,11,34,5.9,36.6,54.5,87.6,Hassan,Mango
122,44,17,6.4,20.1,58.0,109.6,Belagavi,Cotton
129,61,15,7.9,30.0,62.4,95.3,Hassan,Cotton
27,39,32,6.0,19.5,99.4,108.8,Belagavi,Pomegranate
20,74,26,6.0,18.5,17.8,27.3,Chitradurga,Lentil
13,25,21,5.4,23.3,87.7,146.8,Ballari,Coconut
30,138,195,5.9,20.4,86.1,70.3,Davanagere,Grapes
35,60,33,6.4,17.7,32.8,43.6,Davanagere,Chickpea
87,10,51,6.7,23.6,87.8,38.8,Ballari,Watermelon
113,28,46,6.4,23.0,88.6,41.9,Belagavi,Watermelon
62,51,51,7.0,24.8,93.4,155.2,Davanagere,Papaya
23,58,15,5.8,28.8,12.9,26.1,Vijayapura,Lentil
85,88,51,6.5,27.4,88.2,85.3,Tumakuru,Banana
62,26,57,6.5,23.7,85.2,220.8,Ballari,Papaya
19,130,196,6.0,34.4,70.9,68.6,Belagavi,Grapes
85,48,29,5.6,20.1,58.9,41.8,Tumakuru,Maize
34,128,197,5.6,21.6,86.7,40.5,Tumakuru,Grapes
72,37,48,6.8,26.7,73.9,236.8,Vijayapura,Rice
28,60,14,5.7,24.8,21.5,80.4,Shivamogga,Kidneybeans
94,34,29,7.2,27.1,65.9,133.7,Chitradurga,Coffee
90,7,47,6.0,29.5,78.2,55.9,Davanagere,Muskmelon
16,12,49,6.8,21.0,96.4,102.7,Ballari,Pomegranate
11,53,23,5.7,18.9,15.8,68.3,Belagavi,Kidneybeans
96,30,41,6.5,29.6,82.6,28.4,Ballari,Watermelon
99,28,34,6.9,28.4,61.3,120.1,Davanagere,Coffee
28,23,8,6.0,36.3,90.5,109.8,Davanagere,Orange
17,31,25,7.8,29.6,55.3,24.4,Mandya,Mothbeans
39,37,45,6.4,32.0,91.9,182.1,Mandya,Papaya
102,33,58,7.1,25.7,94.4,23.3,Vijayapura,Watermelon
41,55,44,6.3,19.2,18.1,66.4,Hassan,Chickpea
24,125,207,6.3,24.6,90.3,132.1,Davanagere,Apple
25,142,197,6.2,22.2,94.3,92.5,Mysuru,Apple
122,41,19,7.6,21.4,48.1,90.5,Chitradurga,Cotton
47,61,52,7.0,40.7,96.1,179.0,Hassan,Papaya
26,19,31,4.9,29.7,43.4,119.9,Hassan,Mango
17,50,14,6.2,18.7,21.5,97.3,Davanagere,Kidneybeans
105,80,49,6.4,25.6,84.0,94.0,Belagavi,Banana
65,58,39,6.1,24.7,70.4,214.7,Vijayapura,Jute
42,59,32,7.2,26.3,15.1,40.9,Mandya,Chickpea
11,17,40,6.7,25.2,86.6,130.1,Davanagere,Pomegranate
45,55,19,7.2,27.5,68.3,48.4,Vijayapura,Blackgram
31,10,32,5.8,29.9,78.5,190.7,Mysuru,Coconut
32,60,16,7.5,30.4,73.1,53.9,Tumakuru,Blackgram
26,144,200,6.7,20.3,100.0,126.1,Mysuru,Apple
99,87,42,6.2,24.8,83.2,113.8,Tumakuru,Banana
14,123,204,6.4,24.5,89.4,71.9,Mandya,Grapes
39,60,41,6.4,27.1,93.8,196.7,Chitradurga,Papaya
96,16,34,6.3,26.0,57.9,132.3,Vijayapura,Coffee
11,48,16,6.6,27.6,63.1,30.2,Hassan,Mungbean
22,39,29,5.3,30.8,60.3,75.1,Tumakuru,Mothbeans
113,81,56,5.6,29.8,74.2,101.5,Vijayapura,Banana
99,69,46,6.6,23.2,79.3,138.3,Chitradurga,Banana
30,130,191,5.8,23.6,85.7,128.7,Shivamogga,Apple
102,21,57,6.4,30.3,75.3,25.3,Tumakuru,Muskmelon
94,25,59,6.6,25.4,75.4,68.2,Tumakuru,Muskmelon
75,54,49,7.3,24.2,94.9,173.9,Belagavi,Jute
12,59,12,7.1,31.5,63.3,71.2,Mysuru,Mungbean
92,53,14,7.2,18.6,70.7,118.0,Mandya,Maize
33,71,34,7.7,22.7,29.9,36.7,Tumakuru,Chickpea
75,51,14,7.0,16.8,59.8,104.3,Chitradurga,Maize
87,84,54,5.6,27.0,85.3,134.0,Shivamogga,Banana
55,43,49,6.9,39.8,99.3,199.8,Tumakuru,Papaya
12,59,24,5.5,17.0,26.4,126.2,Mandya,Kidneybeans
74,59,34,6.6,27.6,76.2,151.7,Tumakuru,Jute
57,54,39,7.5,20.2,87.2,159.7,Hassan,Rice
24,27,39,5.1,26.9,50.0,115.1,Hassan,Mango
79,56,17,5.7,27.0,65.4,103.5,Belagavi,Maize
12,26,17,6.7,16.8,91.3,81.9,Tumakuru,Orange
28,53,32,6.9,23.8,11.2,37.2,Ballari,Chickpea
34,67,20,5.6,26.5,19.5,150.7,Shivamogga,Pigeonpeas
43,77,42,6.4,22.6,29.8,38.3,Ballari,Chickpea
97,92,59,6.0,30.9,88.9,73.9,Shivamogga,Banana
17,144,203,6.4,21.0,94.0,135.4,Vijayapura,Apple
76,52,37,6.0,25.9,93.2,201.0,Mandya,Jute
36,74,23,7.3,35.0,70.1,51.5,Hassan,Blackgram
131,53,17,6.1,21.5,68.9,80.0,Chitradurga,Cotton
20,142,195,5.6,36.8,88.6,51.0,Ballari,Grapes
11,142,206,5.6,11.5,82.6,67.0,Vijayapura,Grapes
16,56,14,6.9,30.2,68.8,25.3,Mandya,Mungbean
21,64,13,6.2,27.1,12.7,25.4,Vijayapura,Lentil
105,93,43,5.6,30.6,81.2,99.8,Ballari,Banana
106,19,22,6.0,21.2,58.9,133.9,Mandya,Coffee
29,129,202,6.3,22.1,89.7,89.4,Davanagere,Apple
25,36,26,6.2,31.4,57.2,22.0,Belagavi,Mungbean
70,48,31,7.7,31.2,86.4,262.7,Davanagere,Rice
14,32,27,5.6,33.6,40.2,22.2,Tumakuru,Mothbeans
30,54,17,6.0,33.0,13.3,162.5,Tumakuru,Pigeonpeas
113,24,55,7.0,30.0,75.5,30.9,Chitradurga,Muskmelon
24,37,35,6.5,26.2,99.1,124.5,Chitradurga,Pomegranate
23,70,21,5.5,25.2,17.5,144.0,Belagavi,Kidneybeans
17,125,200,6.5,35.3,75.5,79.2,Mandya,Grapes
12,129,192,6.1,22.4,85.5,45.2,Mysuru,Grapes
16,40,11,6.8,28.9,66.2,36.4,Mysuru,Mungbean
16,13,48,7.2,18.5,89.1,92.0,Vijayapura,Pomegranate
22,59,17,6.1,31.6,25.1,30.7,Vijayapura,Lentil
81,60,15,6.6,17.0,72.9,40.5,Davanagere,Maize
78,50,45,6.3,23.0,92.2,175.1,Ballari,Jute
33,7,39,5.9,27.9,81.1,206.1,Mysuru,Coconut
42,45,59,7.2,34.5,88.8,173.9,Mandya,Papaya
108,12,33,7.1,24.5,52.9,186.2,Chitradurga,Coffee
21,71,19,5.4,26.7,12.8,45.0,Mysuru,Kidneybeans
34,17,24,5.0,30.9,54.2,109.4,Vijayapura,Mango
20,53,16,6.3,28.7,66.0,73.2,Tumakuru,Mungbean
17,12,32,5.4,24.8,76.3,94.7,Vijayapura,Pomegranate
26,63,28,7.4,18.7,33.2,66.1,Mysuru,Lentil
13,41,18,6.3,27.3,39.8,69.9,Hassan,Mothbeans
105,10,43,6.6,27.6,93.7,69.5,Shivamogga,Watermelon
14,57,22,7.4,27.0,62.4,26.5,Davanagere,Mungbean
78,60,35,5.9,28.1,89.4,222.9,Chitradurga,Rice
118,17,54,6.0,29.0,83.9,25.8,Mysuru,Muskmelon
21,66,12,7.4,27.6,16.4,67.6,Ballari,Lentil
91,6,41,7.1,24.7,78.6,50.4,Shivamogga,Watermelon
98,28,50,7.0,26.8,92.3,75.3,Ballari,Muskmelon
34,52,30,5.7,31.7,14.2,103.7,Davanagere,Pigeonpeas
10,67,22,5.4,26.5,11.8,163.0,Mysuru,Kidneybeans
97,78,56,5.7,27.8,78.4,86.1,Shivamogga,Banana
103,27,45,6.5,27.3,78.6,33.2,Tumakuru,Watermelon
15,121,197,5.5,26.3,79.8,50.6,Mysuru,Grapes
62,60,58,7.0,35.4,86.7,191.5,Vijayapura,Papaya
33,125,207,6.4,26.9,76.2,53.2,Mandya,Grapes
44,62,27,6.8,25.9,55.6,62.7,Chitradurga,Blackgram
129,57,19,6.5,20.9,73.3,96.6,Shivamogga,Cotton
84,62,20,6.0,16.8,70.1,93.6,Vijayapura,Maize
17,32,20,7.0,31.6,66.9,32.9,Davanagere,Mungbean
90,49,40,6.3,25.1,80.9,316.6,Chitradurga,Rice
63,35,18,5.9,17.5,71.5,109.1,Shivamogga,Maize
22,120,208,6.3,10.8,89.1,49.0,Chitradurga,Grapes
21,40,11,6.9,25.1,70.2,67.8,Mysuru,Mungbean
120,41,21,7.2,29.5,69.1,65.1,Ballari,Cotton
90,29,42,6.9,25.4,82.3,67.2,Davanagere,Muskmelon
31,59,27,4.8,24.0,31.6,107.5,Shivamogga,Pigeonpeas
99,22,40,6.6,24.7,90.0,53.7,Chitradurga,Watermelon
14,137,191,6.5,11.3,86.2,65.7,Mandya,Grapes
84,60,42,7.2,21.0,76.9,175.9,Chitradurga,Rice
60,35,26,6.2,27.0,63.7,112.4,Davanagere,Maize
113,38,16,7.3,29.9,70.4,49.1,Belagavi,Cotton
23,138,192,6.0,18.7,77.4,80.2,Chitradurga,Grapes
95,14,53,6.0,29.3,79.2,56.7,Ballari,Muskmelon
100,22,56,5.9,30.9,82.0,40.0,Tumakuru,Muskmelon
62,64,20,6.5,26.6,69.9,93.8,Hassan,Maize
41,130,209,6.0,19.3,88.1,110.9,Mandya,Apple
26,19,37,5.7,26.8,80.0,232.1,Chitradurga,Coconut
82,58,41,7.5,18.3,88.9,237.2,Davanagere,Rice
17,68,30,7.5,18.8,10.3,72.9,Chitradurga,Chickpea
94,8,57,6.9,28.4,88.2,27.4,Shivamogga,Muskmelon
126,57,17,6.1,24.4,61.4,87.0,Davanagere,Cotton
19,29,24,6.6,29.3,42.8,98.9,Ballari,Mango
15,27,19,7.2,16.7,86.2,103.6,Hassan,Orange
98,29,34,6.3,25.6,51.9,146.4,Vijayapura,Coffee
78,56,43,6.9,31.4,71.7,263.5,Mysuru,Rice
76,49,25,6.5,24.6,55.2,65.8,Chitradurga,Maize
35,76,33,6.8,34.5,29.2,83.1,Shivamogga,Pigeonpeas
25,22,37,4.9,30.5,76.7,255.9,Ballari,Coconut
82,48,43,7.3,21.8,74.0,140.5,Tumakuru,Jute
30,56,19,6.1,30.0,32.0,122.8,Tumakuru,Pigeonpeas
16,74,13,6.4,19.5,25.0,50.4,Belagavi,Lentil
10,53,24,6.0,14.6,10.9,103.4,Mandya,Kidneybeans
14,15,37,6.6,24.8,91.8,139.1,Ballari,Pomegranate
74,40,49,7.6,23.8,77.6,170.0,Mandya,Jute
101,19,38,6.1,27.7,56.1,188.4,Mandya,Coffee
116,41,21,5.8,28.3,71.1,113.6,Tumakuru,Cotton
91,26,37,6.2,24.6,48.3,202.2,Hassan,Coffee
18,133,194,5.4,11.3,81.6,96.8,Belagavi,Grapes
23,131,207,5.7,31.7,73.2,49.4,Mandya,Grapes
86,49,39,7.2,24.7,75.6,194.9,Vijayapura,Jute
80,46,43,6.1,26.0,90.2,136.3,Davanagere,Jute
76,39,47,6.7,21.9,83.1,167.4,Belagavi,Jute
16,17,31,5.9,25.9,89.8,250.2,Vijayapura,Coconut
76,41,47,6.0,19.0,79.9,301.5,Shivamogga,Rice
126,35,18,5.9,28.8,47.4,106.9,Vijayapura,Cotton
104,21,56,6.4,27.4,89.4,30.9,Mandya,Watermelon
14,122,195,6.3,21.2,85.2,118.5,Ballari,Apple
18,66,22,7.5,31.5,28.3,65.7,Vijayapura,Lentil
23,51,21,7.2,19.0,26.2,42.0,Chitradurga,Lentil
132,64,23,6.9,28.2,55.4,66.6,Hassan,Cotton
18,72,46,7.6,21.5,22.0,77.0,Chitradurga,Chickpea
10,31,22,4.5,23.4,38.5,69.4,Tumakuru,Mothbeans
11,12,4,6.1,28.4,97.0,123.6,Chitradurga,Orange
124,26,48,6.1,29.1,87.8,49.5,Vijayapura,Muskmelon
31,70,44,7.1,21.2,26.4,49.0,Shivamogga,Chickpea
90,18,20,5.9,22.9,72.1,192.7,Tumakuru,Coffee
40,69,32,7.6,20.5,26.7,34.5,Tumakuru,Chickpea
15,63,18,6.4,24.2,32.3,25.4,Hassan,Lentil
21,51,21,6.7,21.6,15.5,27.3,Mandya,Lentil
61,26,42,6.4,38.5,87.5,254.6,Shivamogga,Papaya
32,7,32,5.5,30.8,91.8,190.3,Shivamogga,Coconut
12,57,11,7.1,26.0,28.5,17.4,Davanagere,Lentil
28,70,33,5.3,25.8,12.1,126.3,Ballari,Pigeonpeas
31,58,10,7.0,36.3,61.6,93.8,Tumakuru,Blackgram
14,63,14,6.0,19.7,15.3,70.7,Mysuru,Kidneybeans
23,51,14,6.1,19.6,11.9,50.4,Belagavi,Kidneybeans
115,53,21,6.3,20.6,69.8,40.1,Tumakuru,Cotton
15,74,16,6.1,13.9,19.2,75.0,Belagavi,Kidneybeans
10,33,21,6.3,27.3,40.4,77.7,Vijayapura,Mango
73,47,43,7.4,21.2,77.3,211.6,Shivamogga,Jute
65,52,32,7.3,24.2,70.2,154.8,Shivamogga,Jute
99,79,45,6.6,28.8,80.7,104.5,Shivamogga,Banana
30,22,29,6.7,27.5,52.8,85.5,Mandya,Mango
18,64,29,6.6,32.1,30.4,93.2,Shivamogga,Pigeonpeas
21,18,42,6.1,19.2,93.7,91.8,Vijayapura,Pomegranate
14,56,25,6.1,26.6,25.2,31.1,Tumakuru,Lentil
70,62,20,6.3,26.4,61.5,74.7,Mysuru,Maize
99,70,44,6.3,24.3,85.5,97.4,Ballari,Banana
91,82,40,5.6,28.3,82.2,102.2,Mysuru,Banana
48,41,40,6.4,35.1,96.8,251.5,Belagavi,Papaya
91,33,40,6.0,29.4,76.6,53.4,Mandya,Watermelon
106,17,24,6.1,23.0,63.6,160.1,Davanagere,Coffee
85,60,47,7.5,26.6,87.7,133.9,Vijayapura,Jute
29,27,18,7.4,11.3,94.1,133.5,Chitradurga,Orange
28,71,19,5.8,36.0,22.7,109.6,Tumakuru,Pigeonpeas
25,140,203,6.0,23.0,72.6,74.4,Tumakuru,Grapes
73,46,47,7.0,21.2,80.6,305.0,Hassan,Rice
93,14,22,6.2,26.6,63.1,192.4,Ballari,Coffee
64,60,44,6.6,40.2,96.3,179.8,Belagavi,Papaya
23,68,12,6.2,24.8,16.6,59.4,Hassan,Lentil
132,60,13,6.5,29.0,56.0,40.4,Tumakuru,Cotton
30,74,28,7.7,23.3,56.5,56.9,Chitradurga,Blackgram
31,132,201,6.4,11.5,80.4,69.4,Shivamogga,Grapes
12,24,11,6.7,28.4,86.3,89.6,Hassan,Orange
66,46,39,7.3,22.2,66.9,151.6,Mysuru,Jute
16,71,21,7.3,27.0,26.3,66.6,Vijayapura,Lentil
48,63,52,7.1,33.4,94.7,165.9,Hassan,Papaya
16,71,14,7.6,17.0,21.1,29.2,Davanagere,Lentil
25,65,23,5.8,18.2,27.1,64.5,Tumakuru,Kidneybeans
28,124,202,6.2,22.8,85.1,134.6,Ballari,Apple
58,61,26,6.0,28.5,52.6,117.4,Chitradurga,Maize
89,91,41,6.7,28.0,85.3,134.9,Shivamogga,Banana
20,31,25,6.2,28.4,66.3,62.3,Ballari,Mungbean
94,34,51,6.1,27.1,78.3,38.7,Tumakuru,Watermelon
18,34,11,7.0,28.2,73.4,58.0,Mysuru,Mungbean
27,127,190,5.8,20.2,81.6,58.4,Belagavi,Grapes
10,22,0,6.8,17.5,96.7,132.0,Vijayapura,Orange
