Crop,Region,Season,Date,Temperature,Rainfall,Humidity,Price
Tomato,Uttar Pradesh,Rabi,2023-12-25,13.9,242.1,30.3,951.62
Onion,Uttar Pradesh,Rabi,2024-10-25,11.4,235.6,21.2,1579.01
Cotton,Madhya Pradesh,Kharif,2024-11-02,39.1,283.3,42.7,5023.24
Onion,Haryana,Rabi,2024-10-05,26.7,54.9,61.7,1659.29
Cotton,Uttar Pradesh,Zaid,2023-08-28,11.9,85.3,87.0,4810.8
Potato,Punjab,Zaid,2023-06-04,31.1,291.5,62.9,634.43
Rice,Uttar Pradesh,Zaid,2023-04-30,21.1,29.8,20.4,2481.49
Tomato,Haryana,Rabi,2023-10-11,21.4,129.2,67.7,1089.13
Wheat,Punjab,Rabi,2024-05-31,14.0,151.1,25.4,1740.77
Tomato,Karnataka,Kharif,2023-03-03,27.7,26.9,77.7,1186.57
Cotton,Madhya Pradesh,Kharif,2023-12-06,28.8,183.4,38.4,4861.52
Onion,Karnataka,Rabi,2024-01-20,41.3,209.0,27.8,1487.85
Cotton,Madhya Pradesh,Rabi,2024-10-05,34.2,46.5,74.7,4996.56
Rice,Maharashtra,Kharif,2023-05-02,39.1,261.3,32.9,2554.9
Maize,Uttar Pradesh,Rabi,2024-11-13,20.1,168.0,64.5,1790.85
Potato,Maharashtra,Kharif,2023-04-26,16.0,254.9,75.1,738.01
Cotton,Punjab,Kharif,2023-01-11,41.7,137.7,66.7,5180.42
Potato,Uttar Pradesh,Zaid,2023-06-08,19.2,96.7,83.2,820.52
Sugarcane,Uttar Pradesh,Rabi,2023-09-01,37.1,63.6,39.2,248.13
Cotton,Karnataka,Kharif,2024-05-18,31.7,32.1,36.5,6096.94
Cotton,Madhya Pradesh,Rabi,2024-07-01,29.0,287.7,26.7,4814.36
Sugarcane,Madhya Pradesh,Rabi,2024-02-16,13.2,153.0,38.2,126.92
Potato,Maharashtra,Rabi,2024-05-30,38.2,184.9,20.5,857.29
Maize,Punjab,Zaid,2023-04-17,41.0,149.9,58.8,1736.25
Potato,Haryana,Rabi,2023-04-30,43.7,15.4,77.7,910.76
Onion,Karnataka,Rabi,2023-09-26,32.6,141.4,59.4,1348.83
Tomato,Maharashtra,Rabi,2024-09-02,43.2,165.1,88.5,932.21
Potato,Madhya Pradesh,Zaid,2023-01-22,12.4,228.4,88.0,604.23
Wheat,Karnataka,Rabi,2024-03-14,29.7,20.2,59.7,2031.44
Wheat,Madhya Pradesh,Rabi,2024-08-28,32.8,278.2,52.1,2169.69
Potato,Madhya Pradesh,Rabi,2023-02-07,40.5,61.8,76.2,948.66
Wheat,Haryana,Zaid,2024-10-16,26.7,173.9,58.2,1924.07
Cotton,Maharashtra,Zaid,2024-11-13,41.6,223.5,37.0,4931.21
Onion,Maharashtra,Zaid,2024-07-16,36.0,62.3,55.4,1603.88
Maize,Uttar Pradesh,Rabi,2024-02-04,40.1,243.8,47.4,1993.11
Wheat,Madhya Pradesh,Zaid,2024-06-10,18.5,135.5,44.5,1932.76
Potato,Haryana,Kharif,2024-02-17,22.3,95.1,76.2,755.47
Wheat,Maharashtra,Kharif,2024-06-21,17.5,147.3,65.4,1943.79
Maize,Madhya Pradesh,Zaid,2024-05-23,43.7,219.0,54.6,1820.92
Rice,Madhya Pradesh,Zaid,2023-11-21,15.7,273.5,26.4,2372.95
Onion,Maharashtra,Rabi,2024-10-01,36.3,146.8,21.8,1317.41
Cotton,Madhya Pradesh,Kharif,2023-12-08,12.1,201.5,64.6,4863.4
Cotton,Haryana,Zaid,2023-03-08,33.3,240.4,42.7,5073.61
Tomato,Karnataka,Rabi,2023-05-18,29.3,145.9,59.4,894.62
Maize,Uttar Pradesh,Kharif,2023-03-10,35.2,296.4,55.7,1798.53
Tomato,Maharashtra,Rabi,2023-07-27,10.6,147.0,67.6,904.1
Potato,Madhya Pradesh,Rabi,2024-12-15,20.2,213.0,82.0,774.54
Cotton,Maharashtra,Kharif,2024-12-03,10.7,282.3,65.0,5092.04
Potato,Haryana,Zaid,2023-03-22,41.6,131.9,56.7,778.9
Maize,Maharashtra,Rabi,2024-11-06,20.4,84.6,37.1,1710.5
Cotton,Punjab,Rabi,2023-02-10,10.5,115.1,27.9,4970.44
Sugarcane,Maharashtra,Zaid,2024-09-27,41.6,280.0,35.0,348.62
Rice,Madhya Pradesh,Kharif,2023-08-15,44.8,59.4,45.4,2387.91
Tomato,Maharashtra,Rabi,2024-02-14,33.1,93.0,85.3,1069.54
Wheat,Madhya Pradesh,Zaid,2023-04-19,32.8,248.3,76.6,2135.16
Wheat,Punjab,Kharif,2024-12-26,40.9,153.9,48.2,1662.01
Tomato,Madhya Pradesh,Zaid,2024-12-03,14.1,168.1,28.9,809.48
Cotton,Punjab,Zaid,2023-04-09,33.6,258.3,55.6,4833.44
Onion,Maharashtra,Rabi,2024-11-11,22.7,135.8,47.5,1665.89
Maize,Maharashtra,Rabi,2023-04-20,35.1,219.7,60.1,1772.64
Onion,Punjab,Zaid,2024-10-05,27.3,271.4,65.8,1678.98
Maize,Maharashtra,Kharif,2024-03-17,11.6,72.1,67.6,1720.28
Potato,Madhya Pradesh,Zaid,2023-08-12,43.1,141.7,73.3,680.86
Wheat,Haryana,Rabi,2024-08-08,23.3,88.7,28.8,1707.23
Cotton,Uttar Pradesh,Rabi,2024-02-20,36.9,242.8,49.4,5082.56
Cotton,Haryana,Kharif,2023-02-25,29.4,246.2,73.5,5174.29
Potato,Madhya Pradesh,Kharif,2023-03-26,42.0,275.4,73.2,656.12
Maize,Maharashtra,Zaid,2024-10-30,34.6,58.8,47.0,1752.87
Maize,Maharashtra,Zaid,2023-03-16,40.3,252.5,23.2,1713.87
Sugarcane,Madhya Pradesh,Rabi,2024-09-20,29.1,116.1,62.4,195.93
Maize,Maharashtra,Kharif,2024-11-21,31.2,142.3,77.1,1667.88
Cotton,Haryana,Zaid,2024-08-06,32.7,295.1,49.6,4853.41
Sugarcane,Punjab,Rabi,2024-08-09,29.2,227.2,63.4,196.19
Wheat,Maharashtra,Kharif,2023-11-08,24.0,72.4,41.8,2130.53
Rice,Karnataka,Kharif,2023-01-05,21.8,87.3,26.4,2623.03
Rice,Madhya Pradesh,Kharif,2023-10-20,12.3,205.9,71.6,2515.2
Rice,Punjab,Rabi,2023-06-17,24.1,11.5,63.0,2235.9
Maize,Madhya Pradesh,Rabi,2023-02-23,35.3,54.2,67.4,1760.76
Onion,Karnataka,Zaid,2023-04-02,27.2,51.7,48.1,1323.68
Maize,Haryana,Rabi,2024-01-21,43.4,164.7,47.7,1920.06
Rice,Haryana,Rabi,2023-07-03,14.8,48.0,81.5,2309.54
Wheat,Punjab,Rabi,2023-12-03,14.2,289.3,74.8,1757.63
Rice,Punjab,Zaid,2024-02-23,43.2,35.0,50.2,2323.87
Tomato,Madhya Pradesh,Zaid,2024-09-12,41.9,88.9,63.8,1192.26
Potato,Punjab,Zaid,2024-01-22,10.8,214.3,59.7,898.08
Tomato,Karnataka,Kharif,2023-09-04,22.1,205.0,59.4,975.86
Tomato,Madhya Pradesh,Zaid,2024-10-27,10.1,12.6,65.6,906.97
Rice,Maharashtra,Zaid,2024-09-18,13.0,289.3,58.7,2321.5
Rice,Maharashtra,Rabi,2023-07-04,23.5,169.3,28.9,2592.58
Rice,Karnataka,Zaid,2024-06-02,19.3,137.3,74.5,2626.12
Sugarcane,Madhya Pradesh,Zaid,2024-04-29,32.5,117.8,86.6,375.64
Wheat,Karnataka,Zaid,2024-01-26,42.4,48.4,64.7,2065.09
Onion,Madhya Pradesh,Zaid,2024-01-03,19.7,256.0,38.9,1570.12
Onion,Madhya Pradesh,Kharif,2024-11-27,22.7,279.4,68.0,1436.65
Sugarcane,Uttar Pradesh,Rabi,2024-10-16,14.2,299.7,62.6,200.86
Onion,Madhya Pradesh,Zaid,2023-02-04,15.2,117.1,74.1,1668.73
Rice,Madhya Pradesh,Zaid,2024-02-21,21.9,290.2,39.9,2418.15
Potato,Punjab,Kharif,2024-07-11,14.9,254.4,43.4,664.2
Maize,Uttar Pradesh,Zaid,2024-01-11,39.2,154.5,63.3,1942.97
Rice,Haryana,Kharif,2024-05-30,31.4,87.3,85.8,2093.89
Tomato,Madhya Pradesh,Rabi,2023-10-13,14.7,291.1,50.4,1156.6
Cotton,Haryana,Zaid,2023-04-26,16.4,74.8,43.9,5131.39
Rice,Punjab,Zaid,2024-11-26,33.4,154.4,53.6,2406.47
Wheat,Madhya Pradesh,Kharif,2023-10-18,12.2,262.5,63.9,1835.75
Rice,Madhya Pradesh,Rabi,2023-12-23,20.8,96.6,66.1,2678.98
Rice,Karnataka,Rabi,2023-10-08,40.2,260.0,86.0,2378.38
Cotton,Maharashtra,Kharif,2024-02-28,20.5,93.3,49.7,4836.52
Sugarcane,Haryana,Zaid,2023-09-02,21.2,56.2,69.4,455.32
Tomato,Karnataka,Zaid,2024-09-11,14.8,66.4,59.9,939.01
Cotton,Punjab,Rabi,2023-08-05,33.6,20.8,29.0,4854.02
Potato,Maharashtra,Kharif,2024-04-19,24.6,71.3,27.4,754.09
Maize,Uttar Pradesh,Rabi,2023-08-02,34.6,155.1,43.6,1775.01
Onion,Maharashtra,Zaid,2023-08-16,27.3,291.9,54.3,1574.74
Tomato,Maharashtra,Zaid,2023-06-09,34.4,248.7,54.9,922.78
Rice,Haryana,Rabi,2024-05-21,19.0,28.8,33.4,2353.71
Onion,Madhya Pradesh,Rabi,2024-02-07,17.2,215.6,78.6,1541.05
Sugarcane,Maharashtra,Kharif,2024-05-13,41.8,273.3,62.5,307.46
Tomato,Haryana,Kharif,2024-03-22,29.1,136.4,48.0,945.79
Sugarcane,Maharashtra,Kharif,2023-06-23,40.0,89.1,33.4,223.41
Potato,Uttar Pradesh,Rabi,2023-11-07,17.4,87.8,81.4,703.54
Sugarcane,Punjab,Zaid,2023-02-15,28.5,107.3,50.5,360.34
Rice,Punjab,Rabi,2023-09-11,25.4,184.9,86.5,2285.81
Wheat,Uttar Pradesh,Zaid,2024-11-04,22.8,269.5,23.9,2166.71
Maize,Karnataka,Zaid,2024-01-24,44.5,149.1,47.4,1641.05
Maize,Madhya Pradesh,Kharif,2024-10-19,29.4,127.3,47.4,1613.36
Onion,Haryana,Rabi,2024-03-06,43.7,91.7,85.4,1518.58
Rice,Uttar Pradesh,Kharif,2024-05-25,35.6,250.0,43.4,2446.82
Sugarcane,Uttar Pradesh,Zaid,2023-09-05,37.2,0.1,27.9,490.5
Wheat,Uttar Pradesh,Rabi,2024-05-24,26.0,237.0,56.2,1879.02
Wheat,Punjab,Rabi,2024-04-06,37.0,271.7,83.6,1864.49
Cotton,Haryana,Rabi,2023-04-20,27.3,83.2,60.4,4995.96
Cotton,Maharashtra,Kharif,2023-05-10,26.9,170.4,34.5,5185.14
Potato,Karnataka,Rabi,2024-09-08,15.8,220.6,21.7,764.08
Rice,Karnataka,Zaid,2024-02-14,43.6,266.3,78.9,2461.59
Potato,Maharashtra,Zaid,2023-01-19,14.5,158.0,81.7,622.86
Rice,Uttar Pradesh,Rabi,2024-07-20,23.1,161.0,65.1,2391.91
Wheat,Punjab,Rabi,2023-02-22,11.7,34.5,23.8,1919.19
Tomato,Uttar Pradesh,Rabi,2024-07-20,30.4,229.3,73.7,857.5
Maize,Maharashtra,Rabi,2024-06-16,14.9,225.5,66.3,1665.19
Cotton,Madhya Pradesh,Kharif,2024-07-04,35.5,184.3,21.8,4887.09
Potato,Haryana,Zaid,2024-05-18,21.0,84.1,72.0,654.55
Maize,Haryana,Zaid,2023-04-12,40.5,268.8,48.4,1901.95
Maize,Punjab,Zaid,2023-01-24,24.6,153.8,34.3,1812.03
Sugarcane,Uttar Pradesh,Rabi,2024-11-26,40.3,66.7,44.6,312.34
Tomato,Madhya Pradesh,Rabi,2024-01-22,28.4,110.3,22.1,967.04
Tomato,Karnataka,Zaid,2023-11-18,24.0,285.1,71.3,927.34
Onion,Karnataka,Rabi,2024-12-06,13.5,47.9,42.3,1481.96
Tomato,Madhya Pradesh,Rabi,2024-10-05,10.1,143.2,72.7,1004.45
Potato,Haryana,Kharif,2023-11-03,35.0,90.0,66.6,602.55
Rice,Haryana,Rabi,2024-12-09,12.9,77.9,55.2,2225.31
Cotton,Uttar Pradesh,Kharif,2024-09-12,20.2,84.7,30.9,5177.56
Sugarcane,Haryana,Rabi,2023-04-12,29.6,144.1,78.1,190.24
Maize,Maharashtra,Rabi,2023-11-30,25.6,28.2,47.8,1628.84
Maize,Madhya Pradesh,Rabi,2023-08-12,35.5,20.8,80.2,1979.06
Sugarcane,Haryana,Kharif,2023-03-03,42.5,38.2,70.6,542.12
Potato,Punjab,Rabi,2023-10-31,42.2,166.1,79.8,630.76
Maize,Karnataka,Zaid,2024-03-18,35.6,273.7,57.2,1855.98
Cotton,Uttar Pradesh,Kharif,2023-11-18,35.4,196.3,51.1,5184.69
Rice,Punjab,Rabi,2023-05-10,43.3,279.0,63.4,2079.36
Rice,Karnataka,Rabi,2024-10-09,34.9,97.6,42.8,2566.68
Wheat,Uttar Pradesh,Zaid,2024-07-05,39.5,79.5,42.0,1862.41
Wheat,Madhya Pradesh,Rabi,2023-12-16,37.0,132.7,26.0,2199.04
Cotton,Maharashtra,Rabi,2023-08-04,12.8,130.2,54.9,5053.0
Wheat,Punjab,Rabi,2023-01-11,30.9,186.4,67.3,1958.68
Maize,Karnataka,Zaid,2024-10-12,36.3,246.8,22.1,1981.97
Cotton,Maharashtra,Rabi,2023-10-13,19.1,107.0,60.6,5052.02
Tomato,Haryana,Zaid,2023-10-25,18.2,188.4,63.6,1061.04
Sugarcane,Karnataka,Rabi,2023-10-21,20.0,98.9,23.3,269.48
Maize,Madhya Pradesh,Kharif,2023-07-20,39.6,127.1,52.4,1952.69
Cotton,Maharashtra,Zaid,2024-06-02,43.2,278.2,44.9,5016.31
Maize,Haryana,Kharif,2024-08-30,32.1,30.2,65.2,2310.06
Onion,Madhya Pradesh,Rabi,2023-03-08,41.4,19.5,42.9,1393.62
Wheat,Punjab,Kharif,2024-11-20,39.5,247.2,44.1,1915.07
Onion,Haryana,Kharif,2024-12-14,17.2,247.4,54.7,1590.88
Onion,Maharashtra,Zaid,2023-11-07,27.3,178.3,65.6,1627.81
Sugarcane,Haryana,Kharif,2023-01-10,42.0,120.1,51.7,208.62
Potato,Uttar Pradesh,Zaid,2024-03-14,41.8,235.6,83.3,683.79
Sugarcane,Uttar Pradesh,Zaid,2023-06-04,43.0,196.1,31.4,236.84
Wheat,Karnataka,Rabi,2024-06-29,13.4,200.5,39.5,2074.76
Rice,Uttar Pradesh,Kharif,2023-09-29,24.8,37.2,83.2,3106.15
Sugarcane,Haryana,Kharif,2024-07-18,42.6,181.0,82.6,222.33
Wheat,Haryana,Zaid,2024-08-29,19.5,131.8,63.3,1659.17
Rice,Haryana,Rabi,2024-07-28,18.3,166.4,53.3,2400.48
Onion,Uttar Pradesh,Zaid,2023-10-24,22.9,78.0,53.9,1387.72
Sugarcane,Karnataka,Rabi,2024-06-06,29.4,61.4,22.3,379.22
Onion,Karnataka,Rabi,2024-06-25,12.9,159.8,80.8,1680.12
Potato,Madhya Pradesh,Zaid,2024-07-16,32.8,2.0,55.4,712.66
Tomato,Haryana,Rabi,2023-08-24,22.7,211.6,41.3,837.61
Rice,Punjab,Rabi,2024-09-29,24.3,279.2,87.2,2433.41
Tomato,Madhya Pradesh,Zaid,2024-04-08,16.5,152.7,39.3,932.94
Potato,Karnataka,Rabi,2023-06-25,39.7,284.0,22.6,977.46
Sugarcane,Punjab,Rabi,2023-11-01,20.4,256.2,60.8,141.84
Maize,Haryana,Rabi,2024-10-07,26.9,251.0,70.9,1901.77
Onion,Madhya Pradesh,Zaid,2023-11-19,29.9,269.4,39.6,1431.69
Maize,Karnataka,Rabi,2023-06-04,27.7,221.6,21.3,1981.19
Potato,Haryana,Zaid,2024-03-06,31.1,178.7,32.9,705.91
Potato,Haryana,Rabi,2024-08-10,31.7,298.9,70.8,644.12
Potato,Karnataka,Zaid,2024-01-09,30.8,153.1,61.6,721.85
Maize,Haryana,Zaid,2023-02-21,33.8,27.4,24.1,1867.44
Rice,Karnataka,Zaid,2023-06-18,27.2,212.9,35.4,2341.0
Maize,Madhya Pradesh,Rabi,2023-11-07,33.3,61.5,35.4,1963.12
Tomato,Punjab,Rabi,2023-03-23,43.3,192.0,86.9,1030.0
Wheat,Maharashtra,Kharif,2024-10-30,27.7,132.6,48.6,1997.58
Potato,Karnataka,Kharif,2023-08-28,34.4,243.5,24.7,892.04
Rice,Madhya Pradesh,Rabi,2023-01-22,14.7,161.5,60.1,2485.95
Wheat,Uttar Pradesh,Kharif,2023-02-12,29.3,82.9,71.9,1954.25
Tomato,Karnataka,Zaid,2024-07-02,10.6,64.9,72.3,1024.1
Wheat,Uttar Pradesh,Rabi,2023-07-04,17.4,129.0,69.0,2109.01
Cotton,Madhya Pradesh,Rabi,2023-04-01,18.6,218.7,28.3,4943.68
Onion,Karnataka,Zaid,2024-01-28,24.2,22.6,45.6,1597.11
Rice,Uttar Pradesh,Rabi,2023-04-25,24.8,220.3,53.0,2301.1
Rice,Uttar Pradesh,Kharif,2024-10-25,21.3,218.0,40.5,2459.61
Tomato,Maharashtra,Kharif,2024-11-25,27.1,231.9,25.0,1131.25
Cotton,Madhya Pradesh,Rabi,2023-06-07,15.8,157.6,77.1,4864.86
Sugarcane,Haryana,Rabi,2023-12-23,26.0,170.6,71.2,441.81
Sugarcane,Karnataka,Rabi,2023-05-11,42.8,5.8,58.0,122.88
Maize,Haryana,Zaid,2024-12-15,20.0,84.4,27.0,1801.58
Cotton,Maharashtra,Kharif,2024-04-16,14.9,165.2,81.2,4861.32
Potato,Haryana,Zaid,2023-08-24,32.4,151.7,23.6,983.14
Wheat,Maharashtra,Kharif,2023-02-08,13.2,222.7,51.7,2163.35
Rice,Haryana,Zaid,2023-02-08,36.2,163.3,32.9,2122.86
Rice,Punjab,Kharif,2024-04-14,32.1,279.1,33.1,2357.16
Tomato,Karnataka,Zaid,2024-06-14,24.0,70.6,40.0,995.98
Tomato,Maharashtra,Kharif,2023-10-01,27.2,127.0,76.4,945.73
Potato,Uttar Pradesh,Kharif,2024-10-11,10.2,53.5,29.7,818.57
Sugarcane,Karnataka,Zaid,2023-03-05,26.3,42.5,26.1,454.38
Potato,Uttar Pradesh,Rabi,2023-04-03,35.0,279.5,84.5,806.16
Rice,Uttar Pradesh,Zaid,2023-08-03,32.7,84.4,69.6,2639.71
Rice,Karnataka,Kharif,2024-08-08,26.3,184.2,47.9,2474.29
Tomato,Uttar Pradesh,Rabi,2024-02-01,21.5,15.4,75.3,1084.31
Cotton,Haryana,Kharif,2024-04-24,25.9,170.6,59.4,5083.83
Sugarcane,Punjab,Zaid,2023-10-07,36.0,48.2,55.1,437.48
Wheat,Madhya Pradesh,Kharif,2024-05-22,38.0,268.5,88.8,2011.37
Onion,Madhya Pradesh,Rabi,2024-04-24,22.1,183.1,86.8,1629.87
Onion,Punjab,Zaid,2024-09-01,41.7,171.8,73.4,1521.19
Cotton,Uttar Pradesh,Zaid,2024-08-11,27.7,59.7,80.9,5156.12
Wheat,Madhya Pradesh,Rabi,2024-02-19,20.5,165.7,23.9,1906.23
Tomato,Punjab,Kharif,2024-04-03,26.4,243.8,62.0,1086.67
Wheat,Maharashtra,Zaid,2023-11-23,35.5,212.8,63.7,1994.64
Cotton,Madhya Pradesh,Kharif,2024-04-08,18.2,93.1,31.7,5014.18
Maize,Punjab,Kharif,2023-03-03,32.0,194.5,23.9,1985.79
Rice,Haryana,Rabi,2024-01-10,22.6,102.8,25.8,2311.55
Cotton,Karnataka,Kharif,2023-03-10,15.4,116.8,89.5,4831.15
Onion,Maharashtra,Rabi,2024-12-31,42.8,273.0,46.1,1607.32
Cotton,Haryana,Rabi,2024-06-20,17.1,87.3,60.0,4939.44
Maize,Haryana,Zaid,2023-02-20,11.3,105.2,37.9,1911.22
Maize,Haryana,Rabi,2024-12-17,36.4,296.8,87.3,1960.94
Tomato,Madhya Pradesh,Zaid,2024-05-18,44.9,66.7,71.6,923.18
Tomato,Maharashtra,Zaid,2024-07-25,39.2,185.4,32.6,966.41
Maize,Maharashtra,Zaid,2023-06-21,39.1,288.4,57.3,1909.2
Tomato,Karnataka,Zaid,2024-05-15,24.8,240.3,67.8,1072.49
Sugarcane,Punjab,Rabi,2023-05-21,32.5,258.7,72.2,499.46
Cotton,Maharashtra,Kharif,2024-09-14,17.0,33.5,33.4,5919.01
Wheat,Punjab,Rabi,2023-10-25,20.0,192.9,85.7,1908.58
Rice,Punjab,Zaid,2024-11-24,27.6,172.7,40.5,2323.02
Rice,Karnataka,Kharif,2023-01-23,36.8,60.3,39.7,2441.38
Rice,Karnataka,Kharif,2023-05-01,29.9,180.7,89.8,2552.91
Maize,Karnataka,Zaid,2024-04-12,28.0,192.5,68.4,1633.46
Rice,Karnataka,Zaid,2023-05-24,37.8,248.9,69.3,2350.07
Tomato,Maharashtra,Rabi,2023-08-26,11.6,176.3,61.3,810.26
Maize,Karnataka,Rabi,2024-01-27,14.4,149.0,25.3,1757.76
Sugarcane,Madhya Pradesh,Zaid,2024-02-19,30.9,147.3,65.5,484.54
Sugarcane,Madhya Pradesh,Kharif,2023-11-23,22.3,145.0,43.6,492.04
Maize,Madhya Pradesh,Rabi,2024-05-18,22.4,264.2,33.4,1832.66
Tomato,Karnataka,Zaid,2023-06-23,15.5,155.5,48.6,954.46
Sugarcane,Madhya Pradesh,Kharif,2024-04-21,17.3,217.7,72.1,368.23
Sugarcane,Punjab,Kharif,2024-10-31,18.1,223.3,87.9,413.83
Cotton,Maharashtra,Rabi,2024-07-18,19.7,46.7,26.4,4836.36
Cotton,Haryana,Rabi,2023-02-04,36.2,282.6,70.9,4909.37
Tomato,Karnataka,Kharif,2023-03-19,28.6,29.0,70.4,1117.73
Wheat,Uttar Pradesh,Zaid,2024-11-28,33.2,107.7,39.1,1864.02
Cotton,Punjab,Zaid,2024-08-22,15.4,46.9,21.9,4875.45
Potato,Uttar Pradesh,Kharif,2024-04-17,11.0,198.0,59.1,792.93
Wheat,Madhya Pradesh,Zaid,2023-04-28,17.3,161.0,41.0,1918.03
Tomato,Maharashtra,Zaid,2023-02-15,29.8,206.2,33.0,879.35
Potato,Madhya Pradesh,Zaid,2024-07-26,31.5,45.7,62.4,622.36
Rice,Punjab,Zaid,2023-02-14,41.8,111.5,30.1,2150.74
Wheat,Karnataka,Zaid,2023-04-24,26.1,193.9,60.2,1900.19
Sugarcane,Maharashtra,Kharif,2024-07-13,17.5,54.4,46.5,440.21
Cotton,Uttar Pradesh,Kharif,2023-07-07,12.5,20.2,31.7,5993.7
Rice,Punjab,Zaid,2023-02-14,36.2,24.8,87.9,2394.27
Sugarcane,Punjab,Zaid,2023-12-23,13.0,100.6,80.9,390.89
Rice,Haryana,Kharif,2024-02-19,30.5,126.8,62.5,2066.17
Maize,Madhya Pradesh,Zaid,2023-01-05,44.4,142.6,39.0,1737.83
Onion,Maharashtra,Kharif,2023-04-26,41.4,168.1,68.2,1405.49
Cotton,Uttar Pradesh,Rabi,2023-06-24,36.8,132.4,76.3,5043.84
Wheat,Uttar Pradesh,Kharif,2023-01-11,28.5,84.0,42.0,2036.76
Tomato,Haryana,Rabi,2023-05-21,16.3,248.8,58.2,1030.61
Rice,Haryana,Rabi,2023-06-21,44.2,111.9,58.5,2448.06
Tomato,Karnataka,Kharif,2023-02-01,12.5,138.0,22.1,881.44
Sugarcane,Haryana,Rabi,2024-09-16,25.4,54.4,71.3,268.63
Potato,Punjab,Kharif,2024-10-02,35.5,59.2,72.3,649.12
Maize,Maharashtra,Rabi,2024-06-05,15.5,271.9,63.1,1764.72
Cotton,Uttar Pradesh,Zaid,2024-11-16,43.3,79.5,36.9,5165.81
Wheat,Maharashtra,Kharif,2024-01-25,27.8,70.2,22.8,2174.99
Potato,Maharashtra,Zaid,2023-09-04,35.7,255.9,28.2,672.94
Tomato,Karnataka,Zaid,2024-01-01,24.2,150.0,89.9,1125.06
Maize,Punjab,Zaid,2023-05-02,18.2,245.2,41.4,1937.08
Wheat,Haryana,Zaid,2024-11-03,42.4,154.0,43.0,1867.66
Onion,Madhya Pradesh,Rabi,2023-01-03,19.4,169.7,66.5,1611.35
Cotton,Uttar Pradesh,Kharif,2023-09-08,26.3,116.4,44.2,5146.58
Maize,Karnataka,Kharif,2024-03-21,35.5,220.9,84.4,1786.51
Maize,Madhya Pradesh,Kharif,2024-07-15,42.1,26.2,51.0,2029.41
Maize,Punjab,Kharif,2024-05-09,20.5,14.1,46.3,2181.78
Wheat,Madhya Pradesh,Rabi,2023-05-31,27.7,264.4,79.2,1841.1
Wheat,Uttar Pradesh,Zaid,2023-05-16,41.6,295.5,55.1,1834.89
Potato,Punjab,Zaid,2024-06-27,20.6,131.0,65.5,940.01
Sugarcane,Punjab,Rabi,2023-05-16,21.0,64.3,31.2,150.8
Cotton,Punjab,Zaid,2023-07-12,10.3,17.7,23.6,5180.2
Sugarcane,Punjab,Rabi,2023-08-09,22.2,237.9,74.1,235.79
Wheat,Karnataka,Zaid,2023-02-06,21.3,256.2,30.2,1914.31
Cotton,Uttar Pradesh,Kharif,2023-12-24,10.5,194.0,63.3,5108.55
Tomato,Uttar Pradesh,Zaid,2024-03-25,24.4,162.4,23.5,1034.19
Onion,Haryana,Kharif,2023-11-27,29.0,39.1,39.2,1997.26
Rice,Haryana,Zaid,2024-10-25,27.9,243.3,54.9,2209.22
Maize,Karnataka,Zaid,2024-04-05,43.2,13.2,49.3,1882.55
Sugarcane,Uttar Pradesh,Zaid,2024-02-12,21.7,53.9,65.4,358.16
Wheat,Haryana,Zaid,2024-03-19,14.1,233.0,79.9,1685.46
Tomato,Maharashtra,Zaid,2024-02-12,17.1,203.6,73.0,1036.51
Tomato,Madhya Pradesh,Zaid,2023-12-20,27.5,151.6,27.1,1156.54
Maize,Madhya Pradesh,Zaid,2024-01-10,18.9,116.6,59.1,1866.41
Potato,Uttar Pradesh,Kharif,2024-01-03,27.6,189.3,64.5,797.57
Cotton,Punjab,Rabi,2024-05-24,22.5,28.5,62.7,5173.84
Wheat,Maharashtra,Rabi,2023-01-31,13.1,284.8,22.4,2150.21
Sugarcane,Punjab,Zaid,2023-01-31,43.0,183.8,65.6,373.43
Maize,Madhya Pradesh,Zaid,2024-02-17,33.6,137.0,48.8,1976.91
Onion,Haryana,Zaid,2023-11-21,35.2,263.8,52.8,1346.8
Maize,Haryana,Kharif,2023-08-14,20.0,117.5,35.2,1614.56
Cotton,Punjab,Rabi,2023-11-29,28.2,161.9,80.4,5136.18
Maize,Uttar Pradesh,Zaid,2024-08-14,27.3,36.8,70.2,1831.87
Cotton,Punjab,Zaid,2024-01-22,22.1,112.0,40.2,4890.75
Maize,Madhya Pradesh,Zaid,2024-07-16,41.6,144.7,88.1,1745.32
Tomato,Uttar Pradesh,Kharif,2024-05-18,17.1,208.0,68.5,1198.97
Rice,Uttar Pradesh,Rabi,2024-02-01,28.6,59.3,31.5,2553.15
Onion,Haryana,Zaid,2023-01-11,21.8,83.9,83.3,1442.04
Tomato,Maharashtra,Kharif,2023-08-28,28.8,102.5,88.8,1051.58
Tomato,Karnataka,Rabi,2024-01-29,13.6,75.8,45.0,951.83
Wheat,Maharashtra,Zaid,2023-09-06,38.3,162.9,44.1,1978.75
Sugarcane,Karnataka,Rabi,2024-03-14,44.0,208.9,61.1,285.95
Sugarcane,Karnataka,Kharif,2024-04-17,21.1,113.3,27.5,392.73
Onion,Karnataka,Rabi,2023-04-08,34.9,254.1,57.0,1523.61
Maize,Madhya Pradesh,Rabi,2023-04-24,11.0,258.9,59.6,1952.35
Sugarcane,Maharashtra,Rabi,2023-05-04,28.3,220.2,43.5,460.9
Potato,Karnataka,Kharif,2024-04-27,20.9,226.0,72.1,918.35
Tomato,Haryana,Kharif,2024-05-09,34.6,75.3,73.5,1113.82
Rice,Haryana,Rabi,2024-05-04,36.1,98.3,21.1,2391.91
Maize,Madhya Pradesh,Rabi,2023-09-11,19.2,101.5,71.1,1818.67
Onion,Maharashtra,Kharif,2024-08-14,15.2,203.6,73.5,1338.72
Onion,Madhya Pradesh,Kharif,2023-05-14,30.5,265.5,57.2,1609.36
Maize,Karnataka,Zaid,2023-06-23,36.3,234.8,40.2,1638.49
Potato,Madhya Pradesh,Rabi,2024-03-04,39.9,232.0,41.8,787.25
Potato,Haryana,Kharif,2023-08-05,16.8,24.3,61.6,763.46
Maize,Karnataka,Zaid,2023-04-14,43.7,77.4,34.4,1845.74
Onion,Haryana,Rabi,2024-04-25,37.7,127.0,27.6,1582.82
Maize,Karnataka,Kharif,2024-07-02,36.4,299.9,44.2,1623.06
Sugarcane,Uttar Pradesh,Zaid,2023-07-08,25.0,220.9,62.2,199.96
Potato,Punjab,Rabi,2024-03-27,31.3,85.3,89.2,953.83
Onion,Karnataka,Zaid,2024-11-18,27.9,100.4,35.3,1502.6
Tomato,Karnataka,Zaid,2023-04-27,21.0,194.2,21.1,1135.38
Onion,Madhya Pradesh,Kharif,2023-01-09,28.5,168.2,76.8,1449.09
Sugarcane,Punjab,Zaid,2023-10-02,42.0,176.0,38.0,370.69
Maize,Maharashtra,Kharif,2024-12-05,28.4,175.5,55.8,1674.16
Maize,Uttar Pradesh,Kharif,2023-08-24,40.7,205.3,29.5,1866.03
Wheat,Uttar Pradesh,Zaid,2024-01-02,44.5,198.1,39.9,2162.26
Maize,Punjab,Rabi,2024-04-24,12.6,42.6,88.4,1730.46
Onion,Uttar Pradesh,Rabi,2023-05-22,21.1,194.7,61.9,1313.74
Onion,Punjab,Rabi,2024-06-27,32.9,139.5,67.5,1373.28
Tomato,Madhya Pradesh,Zaid,2024-11-11,23.2,123.4,89.3,1076.53
Wheat,Uttar Pradesh,Rabi,2023-07-19,36.1,163.7,74.9,1823.2
Cotton,Haryana,Zaid,2023-05-12,19.8,12.0,33.0,4820.44
Onion,Haryana,Rabi,2023-09-11,19.7,44.9,50.1,1410.74
Tomato,Uttar Pradesh,Kharif,2024-07-20,37.5,135.2,54.5,954.74
Wheat,Karnataka,Zaid,2023-06-01,37.8,8.3,28.0,1977.95
Maize,Punjab,Rabi,2024-10-27,14.0,233.9,88.4,1729.64
Onion,Karnataka,Zaid,2024-01-23,34.6,190.1,85.2,1307.95
Potato,Maharashtra,Kharif,2023-11-22,17.8,166.2,65.7,827.06
Sugarcane,Karnataka,Kharif,2024-05-27,13.7,22.0,48.8,410.48
Maize,Maharashtra,Rabi,2024-06-28,36.9,238.2,49.2,1861.61
Potato,Maharashtra,Kharif,2023-09-16,31.7,158.3,44.4,613.51
Onion,Maharashtra,Rabi,2024-08-19,14.9,295.0,42.3,1407.94
Cotton,Punjab,Zaid,2024-01-05,16.1,215.7,83.6,5098.95
Potato,Karnataka,Kharif,2023-05-01,35.8,43.8,40.4,1145.5
Rice,Madhya Pradesh,Zaid,2023-06-05,24.1,55.2,20.4,2496.45
Rice,Karnataka,Zaid,2024-04-25,21.5,136.2,48.1,2349.76
Cotton,Punjab,Rabi,2023-04-29,31.9,85.3,53.1,5053.13
Tomato,Karnataka,Zaid,2023-05-31,39.6,134.7,85.6,929.71
Cotton,Karnataka,Kharif,2023-09-15,15.5,211.3,59.2,4828.59
Sugarcane,Uttar Pradesh,Zaid,2024-08-26,39.6,88.8,40.5,388.41
Sugarcane,Uttar Pradesh,Kharif,2024-05-03,14.9,190.0,53.2,274.56
Potato,Madhya Pradesh,Kharif,2023-12-29,31.3,264.2,53.1,990.83
Wheat,Maharashtra,Rabi,2023-02-03,21.2,194.8,52.7,2163.05
Onion,Karnataka,Zaid,2024-12-12,14.2,212.0,22.5,1469.33
Sugarcane,Maharashtra,Kharif,2023-01-01,31.1,237.8,60.6,224.2
Onion,Punjab,Rabi,2024-01-30,25.5,124.7,88.1,1535.99
Potato,Uttar Pradesh,Kharif,2024-07-31,10.6,261.2,82.5,704.79
Cotton,Madhya Pradesh,Kharif,2023-03-20,22.5,255.9,36.2,5061.26
Rice,Haryana,Kharif,2023-03-03,24.2,217.4,62.5,2430.2
Wheat,Uttar Pradesh,Kharif,2024-05-18,13.5,202.3,59.6,2187.01
Maize,Karnataka,Rabi,2023-05-18,28.3,22.2,25.3,1625.43
Potato,Uttar Pradesh,Rabi,2024-06-13,24.7,40.4,61.3,964.57
Cotton,Haryana,Rabi,2024-10-08,38.3,176.8,62.5,5008.13
Rice,Karnataka,Kharif,2023-02-28,16.3,189.8,58.6,2589.23
Cotton,Haryana,Zaid,2024-02-10,38.0,197.9,42.7,4869.47
Onion,Maharashtra,Kharif,2023-02-10,26.7,45.8,69.1,1691.18
Maize,Maharashtra,Kharif,2023-10-16,34.8,94.4,66.0,1770.41
Wheat,Punjab,Zaid,2023-08-16,15.1,257.9,31.2,1834.13
Rice,Haryana,Kharif,2024-01-25,21.7,120.4,48.5,2212.55
Sugarcane,Maharashtra,Kharif,2024-11-01,33.8,74.2,48.8,246.74
Potato,Uttar Pradesh,Zaid,2024-06-03,30.9,273.0,76.5,946.04
Maize,Madhya Pradesh,Rabi,2023-02-17,23.3,275.8,83.3,1633.19
Onion,Punjab,Kharif,2023-09-13,35.6,135.4,28.2,1410.69
Rice,Maharashtra,Kharif,2023-10-29,35.6,216.1,88.2,2407.84
Rice,Madhya Pradesh,Zaid,2023-07-28,10.1,187.6,47.4,2502.49
Wheat,Punjab,Rabi,2024-11-22,17.2,144.8,86.0,1767.72
Rice,Haryana,Kharif,2023-05-01,14.6,269.7,79.1,2267.48
Rice,Punjab,Zaid,2023-05-25,12.7,81.4,73.2,2423.28
Onion,Punjab,Kharif,2023-09-10,27.0,204.1,65.3,1402.71
Cotton,Karnataka,Zaid,2024-02-15,33.8,129.8,26.6,4985.18
Tomato,Punjab,Zaid,2024-05-15,10.4,250.4,57.7,812.51
Sugarcane,Karnataka,Kharif,2023-03-07,32.4,175.1,34.5,474.96
Wheat,Haryana,Kharif,2023-07-03,25.1,93.8,73.7,1632.57
Maize,Karnataka,Zaid,2024-02-06,12.1,170.6,29.4,1889.99
Potato,Haryana,Kharif,2024-03-27,41.8,266.4,62.7,944.31
Onion,Uttar Pradesh,Rabi,2024-07-26,28.5,14.1,34.3,1358.22
Cotton,Karnataka,Zaid,2023-02-07,25.7,67.1,44.2,5079.99
Potato,Karnataka,Zaid,2023-04-07,42.8,165.7,64.3,654.85
Tomato,Uttar Pradesh,Rabi,2024-07-15,39.6,173.6,50.6,953.39
Rice,Uttar Pradesh,Rabi,2024-02-03,30.0,286.7,57.7,2318.25
Potato,Maharashtra,Kharif,2023-01-06,14.1,160.0,59.9,870.71
Sugarcane,Haryana,Rabi,2023-10-02,35.7,28.5,80.7,238.12
Cotton,Maharashtra,Zaid,2023-09-10,22.8,277.8,58.7,4839.79
Tomato,Punjab,Rabi,2023-07-16,21.9,99.0,27.0,969.72
Wheat,Karnataka,Kharif,2024-08-03,11.5,151.3,25.1,1818.11
Onion,Madhya Pradesh,Rabi,2023-06-28,21.3,250.3,70.9,1389.66
Potato,Karnataka,Rabi,2024-10-05,12.2,178.5,43.9,818.39
Tomato,Karnataka,Rabi,2024-04-07,25.6,64.1,73.1,815.06
Onion,Madhya Pradesh,Kharif,2024-12-18,23.8,101.1,41.0,1323.48
Sugarcane,Karnataka,Rabi,2024-02-10,35.0,274.5,60.9,496.25
Onion,Haryana,Rabi,2023-09-17,24.3,259.7,23.9,1437.42
Sugarcane,Punjab,Rabi,2023-10-10,11.6,103.5,34.0,423.31
Onion,Madhya Pradesh,Rabi,2024-08-23,32.9,3.6,54.5,1482.93
Rice,Haryana,Zaid,2023-01-14,31.2,99.8,73.4,2399.97
Cotton,Karnataka,Zaid,2023-11-25,29.3,66.9,78.2,5005.97
Wheat,Maharashtra,Rabi,2024-06-28,14.9,161.9,53.1,1863.86
Cotton,Haryana,Zaid,2023-11-14,15.6,204.4,24.8,4876.65
Onion,Uttar Pradesh,Zaid,2024-06-02,18.8,189.9,84.3,1532.96
Onion,Maharashtra,Zaid,2024-09-04,17.9,149.8,49.3,1571.69
Maize,Haryana,Kharif,2023-02-21,21.1,262.9,29.5,1931.72
Sugarcane,Maharashtra,Zaid,2023-11-10,29.6,242.5,47.7,122.34
Sugarcane,Uttar Pradesh,Zaid,2023-11-14,43.5,40.1,77.5,281.28
Potato,Uttar Pradesh,Zaid,2024-02-13,12.0,78.1,52.3,987.91
Maize,Karnataka,Zaid,2023-08-17,27.9,41.9,20.7,1668.91
Tomato,Madhya Pradesh,Zaid,2023-06-19,32.2,52.8,86.7,1057.15
Cotton,Madhya Pradesh,Rabi,2024-06-18,13.3,35.8,48.6,4982.91
Tomato,Madhya Pradesh,Zaid,2023-03-22,35.1,151.0,28.1,1148.56
Tomato,Karnataka,Kharif,2024-08-05,34.8,189.4,34.1,1114.93
Tomato,Karnataka,Zaid,2023-11-10,17.2,214.9,79.7,910.09
Rice,Madhya Pradesh,Kharif,2024-03-08,35.1,220.6,82.6,2577.51
Onion,Uttar Pradesh,Kharif,2024-09-30,13.2,72.1,26.7,1504.95
Tomato,Maharashtra,Kharif,2024-10-10,36.5,160.7,87.4,951.73
Cotton,Karnataka,Zaid,2024-04-04,42.6,285.3,69.7,5098.77
Sugarcane,Karnataka,Zaid,2023-12-19,35.6,24.9,58.5,440.83
Onion,Madhya Pradesh,Zaid,2024-06-12,13.6,1.4,37.1,1610.54
Potato,Haryana,Rabi,2023-07-11,14.5,26.0,72.8,765.45
Rice,Madhya Pradesh,Kharif,2023-06-15,18.0,1.1,61.4,2963.04
Potato,Madhya Pradesh,Zaid,2024-03-12,44.3,138.6,30.7,620.59
Rice,Haryana,Zaid,2024-08-12,31.8,98.5,64.6,2160.77
Wheat,Madhya Pradesh,Zaid,2024-01-16,26.9,207.0,50.7,2156.0
Maize,Maharashtra,Zaid,2023-05-16,10.7,222.3,82.2,1609.6
Cotton,Haryana,Rabi,2024-10-11,17.3,158.9,82.5,4833.09
Potato,Maharashtra,Kharif,2024-07-31,27.8,68.1,85.2,871.55
Cotton,Punjab,Kharif,2023-12-13,20.3,29.2,21.0,6016.18
Potato,Uttar Pradesh,Zaid,2024-11-26,43.7,110.0,50.9,600.77
Tomato,Punjab,Rabi,2024-07-06,17.9,1.5,79.1,1153.24
Sugarcane,Maharashtra,Rabi,2023-06-09,38.0,39.1,39.4,379.22
Onion,Maharashtra,Kharif,2024-01-13,19.5,20.0,77.4,1993.63
Sugarcane,Karnataka,Rabi,2024-12-21,33.8,292.1,66.6,357.38
Cotton,Haryana,Rabi,2023-12-04,44.2,205.5,40.5,5163.79
Tomato,Maharashtra,Zaid,2024-11-10,23.4,184.8,75.6,952.99
Potato,Haryana,Zaid,2024-02-12,30.0,46.5,76.7,943.41
Wheat,Karnataka,Rabi,2024-10-10,23.0,233.8,37.2,2083.82
Sugarcane,Karnataka,Kharif,2024-06-15,32.4,263.8,20.7,270.49
Potato,Punjab,Zaid,2024-10-28,14.1,79.3,20.7,841.9
Rice,Haryana,Zaid,2024-04-13,17.1,140.3,55.7,2207.84
Rice,Uttar Pradesh,Kharif,2024-11-16,16.4,167.5,89.0,2524.16
Sugarcane,Uttar Pradesh,Rabi,2024-09-02,21.8,101.0,75.0,128.18
Cotton,Punjab,Zaid,2023-08-23,27.9,175.9,20.2,5154.01
Onion,Uttar Pradesh,Zaid,2024-02-24,37.5,238.0,31.5,1516.67
Wheat,Haryana,Kharif,2023-08-04,44.0,174.1,46.5,1923.46
Rice,Karnataka,Rabi,2024-03-02,40.2,293.8,56.9,2323.33
Tomato,Punjab,Rabi,2024-07-26,18.8,46.4,73.0,894.25
Onion,Punjab,Rabi,2023-06-19,21.4,164.6,71.8,1650.05
Onion,Maharashtra,Rabi,2024-07-20,19.2,77.3,58.2,1408.06
Wheat,Punjab,Rabi,2024-10-09,42.8,178.5,68.0,1931.69
Wheat,Maharashtra,Rabi,2024-10-22,31.3,276.5,43.7,2086.18
Wheat,Punjab,Rabi,2024-10-06,33.5,13.4,48.7,1648.82
Rice,Punjab,Rabi,2024-06-27,12.8,132.0,55.0,2121.03
Cotton,Maharashtra,Zaid,2023-02-25,44.4,296.0,65.0,4935.71
Rice,Maharashtra,Rabi,2023-05-28,32.4,106.6,84.3,2345.2
Tomato,Karnataka,Kharif,2024-05-12,25.0,279.7,59.0,971.51
Maize,Haryana,Kharif,2024-05-16,11.9,89.0,46.5,1780.45
Potato,Uttar Pradesh,Zaid,2024-01-10,25.0,165.5,66.7,779.32
Wheat,Haryana,Zaid,2024-04-25,34.7,11.6,48.2,1716.58
Cotton,Madhya Pradesh,Zaid,2024-10-15,19.6,222.4,63.6,4833.66
Wheat,Punjab,Zaid,2023-07-23,17.1,275.6,64.0,1637.2
Cotton,Haryana,Kharif,2024-12-26,45.0,207.4,75.9,4891.1
Sugarcane,Punjab,Rabi,2023-06-16,43.5,245.5,66.5,318.43
Sugarcane,Punjab,Kharif,2023-02-22,31.8,75.4,50.1,115.12
Potato,Maharashtra,Zaid,2023-03-12,10.8,240.4,63.9,860.96
Wheat,Maharashtra,Zaid,2023-04-04,41.4,299.6,81.9,2001.25
Onion,Punjab,Kharif,2023-06-17,25.1,233.4,67.7,1447.77
Maize,Punjab,Rabi,2024-08-31,30.4,42.2,54.1,1878.28
Onion,Karnataka,Kharif,2023-06-14,14.0,144.7,71.8,1363.81
Maize,Karnataka,Kharif,2023-05-12,21.8,200.9,29.8,1977.03
Potato,Uttar Pradesh,Rabi,2023-12-29,23.5,42.6,42.0,820.06
Rice,Maharashtra,Rabi,2024-10-13,19.5,221.8,31.7,2476.79
Potato,Madhya Pradesh,Kharif,2024-10-22,14.9,143.2,62.1,795.13
Onion,Maharashtra,Rabi,2024-12-12,12.8,256.0,46.4,1642.23
Tomato,Punjab,Zaid,2024-07-15,24.5,158.3,88.3,907.47
Potato,Punjab,Zaid,2023-05-08,42.5,92.4,55.8,828.64
Maize,Karnataka,Kharif,2024-12-07,18.6,72.6,50.1,1751.92
Cotton,Madhya Pradesh,Zaid,2023-04-15,30.7,123.5,57.3,5151.27
Maize,Haryana,Kharif,2024-10-26,15.3,51.8,33.8,1718.02
Cotton,Madhya Pradesh,Zaid,2023-11-06,35.1,268.7,40.2,4944.54
Sugarcane,Karnataka,Zaid,2023-10-12,26.9,49.7,63.3,348.36
Wheat,Uttar Pradesh,Rabi,2024-03-08,15.9,266.1,31.6,2193.45
Maize,Madhya Pradesh,Kharif,2024-05-05,13.9,195.7,35.1,1824.9
Tomato,Haryana,Rabi,2024-07-15,10.8,229.6,58.9,958.8
Potato,Maharashtra,Rabi,2023-03-24,41.1,47.6,48.4,713.62
Cotton,Karnataka,Zaid,2023-07-02,14.2,182.1,49.7,5101.52
Potato,Maharashtra,Kharif,2023-03-26,21.8,195.5,54.6,954.27
Sugarcane,Punjab,Rabi,2024-11-11,23.6,33.8,29.8,140.23
Maize,Karnataka,Zaid,2023-09-01,40.4,27.8,29.9,1846.08
Sugarcane,Maharashtra,Rabi,2024-08-04,24.4,204.3,83.2,149.1
Onion,Punjab,Zaid,2024-11-04,14.5,210.9,21.2,1525.4
Maize,Madhya Pradesh,Zaid,2023-08-31,29.5,99.6,37.2,1688.54
Maize,Punjab,Kharif,2024-10-30,45.0,37.3,32.7,2184.5
Potato,Punjab,Zaid,2023-02-14,13.0,78.7,87.0,648.87
Rice,Madhya Pradesh,Rabi,2023-06-29,24.6,25.9,83.4,2593.18
Rice,Uttar Pradesh,Rabi,2023-09-01,31.1,42.2,50.8,2612.4
Onion,Karnataka,Zaid,2024-04-01,22.6,185.6,69.1,1554.58
Onion,Haryana,Kharif,2023-04-28,21.2,190.3,61.1,1551.64
Cotton,Haryana,Kharif,2023-08-19,34.3,183.4,43.7,4916.18
Onion,Karnataka,Rabi,2024-11-09,37.7,52.5,65.8,1698.61
Rice,Uttar Pradesh,Kharif,2024-09-09,34.8,82.6,89.9,2634.74
Sugarcane,Karnataka,Zaid,2023-05-25,26.3,26.4,57.9,354.3
Maize,Karnataka,Zaid,2023-07-20,18.1,64.0,40.4,1914.69
Potato,Uttar Pradesh,Kharif,2024-01-04,31.8,198.6,74.9,616.22
Tomato,Punjab,Zaid,2024-08-16,11.9,251.8,30.0,1035.11
Potato,Haryana,Kharif,2024-10-17,17.2,12.6,35.0,1066.65
Wheat,Madhya Pradesh,Rabi,2023-10-17,40.9,266.1,22.5,2142.84
Cotton,Uttar Pradesh,Rabi,2024-07-09,34.1,286.8,49.2,5156.19
Maize,Haryana,Rabi,2023-01-26,26.4,43.0,56.6,1870.78
Rice,Madhya Pradesh,Rabi,2024-02-23,17.9,157.6,45.9,2386.24
Sugarcane,Maharashtra,Zaid,2024-06-03,29.6,84.7,56.7,158.78
Rice,Haryana,Kharif,2023-10-28,18.2,20.0,89.4,2558.13
Cotton,Uttar Pradesh,Rabi,2023-07-05,19.8,102.5,38.7,4927.88
Onion,Maharashtra,Kharif,2024-08-13,22.4,94.0,32.4,1484.47
Cotton,Madhya Pradesh,Kharif,2023-12-29,43.5,89.5,51.9,5072.31
Maize,Karnataka,Zaid,2023-03-17,31.4,146.3,27.9,1718.35
Tomato,Karnataka,Rabi,2024-09-05,11.4,201.5,44.8,1080.69
Maize,Uttar Pradesh,Zaid,2023-11-19,25.8,101.3,71.1,1777.98
Cotton,Punjab,Zaid,2023-04-26,11.8,287.2,41.2,5104.98
Rice,Karnataka,Zaid,2024-06-30,16.5,276.2,33.7,2305.8
Rice,Haryana,Zaid,2024-01-30,39.9,82.2,50.7,2386.84
Rice,Madhya Pradesh,Rabi,2024-05-25,43.9,207.6,81.7,2368.76
Wheat,Maharashtra,Rabi,2024-11-26,33.6,245.8,42.7,2188.52
Cotton,Punjab,Rabi,2023-05-31,32.2,41.1,21.8,4862.86
Cotton,Punjab,Kharif,2024-03-03,35.8,60.4,51.0,4903.53
Cotton,Karnataka,Zaid,2023-12-25,14.1,126.9,45.9,5198.55
Tomato,Uttar Pradesh,Zaid,2024-03-12,27.7,68.5,87.6,1136.87
Potato,Punjab,Rabi,2024-09-16,10.9,78.1,49.6,623.93
Potato,Karnataka,Kharif,2023-03-22,41.0,0.3,79.6,902.27
Maize,Punjab,Rabi,2023-05-26,13.8,19.0,35.8,1849.4
Maize,Maharashtra,Rabi,2024-09-26,13.2,4.1,40.0,1794.81
Tomato,Maharashtra,Zaid,2024-01-30,21.3,88.7,23.0,841.74
Cotton,Karnataka,Rabi,2023-11-09,19.7,240.1,33.1,4877.69
Maize,Madhya Pradesh,Kharif,2024-04-02,18.0,195.9,63.8,1836.18
Sugarcane,Punjab,Kharif,2023-09-03,36.3,33.1,33.8,264.67
Sugarcane,Uttar Pradesh,Rabi,2024-09-25,14.1,5.2,81.3,123.49
Cotton,Maharashtra,Zaid,2024-10-30,24.5,17.7,87.9,5051.88
Wheat,Haryana,Kharif,2024-08-07,19.5,35.8,65.1,1961.6
Maize,Haryana,Zaid,2023-02-07,26.0,44.1,67.5,1916.52
Maize,Punjab,Kharif,2023-08-04,26.6,159.7,75.8,1801.66
Onion,Madhya Pradesh,Zaid,2023-12-14,36.0,284.9,29.2,1479.5
Tomato,Uttar Pradesh,Rabi,2024-06-05,13.4,268.2,81.0,811.22
Wheat,Madhya Pradesh,Kharif,2023-01-18,21.5,172.9,76.5,2199.33
Tomato,Maharashtra,Rabi,2024-06-18,35.2,128.7,77.0,1157.79
Sugarcane,Haryana,Rabi,2024-05-12,17.8,219.8,46.3,473.39
Maize,Madhya Pradesh,Kharif,2024-08-15,19.4,253.9,58.2,1670.7
Cotton,Karnataka,Kharif,2024-07-21,18.1,36.3,78.6,6185.55
Rice,Madhya Pradesh,Zaid,2024-05-10,37.4,110.6,45.5,2555.35
Wheat,Punjab,Zaid,2023-11-24,12.2,226.8,43.0,1832.15
Wheat,Madhya Pradesh,Kharif,2023-10-24,11.5,255.8,43.1,1923.85
Wheat,Maharashtra,Zaid,2024-08-23,12.5,114.5,74.6,1890.24
Tomato,Maharashtra,Kharif,2023-04-18,10.9,12.9,35.0,1112.34
Onion,Karnataka,Zaid,2024-07-19,20.9,261.1,50.1,1361.65
Maize,Madhya Pradesh,Kharif,2024-11-18,39.7,253.7,54.6,1998.1
Wheat,Uttar Pradesh,Kharif,2023-03-06,15.2,52.2,40.5,1839.58
Onion,Karnataka,Zaid,2023-05-15,15.0,287.7,43.2,1527.79
Cotton,Uttar Pradesh,Rabi,2023-02-20,23.0,6.6,69.2,5192.04
Maize,Karnataka,Zaid,2023-03-31,12.3,24.0,86.4,1828.77
Tomato,Maharashtra,Zaid,2024-01-04,14.7,180.7,28.2,1110.4
Onion,Maharashtra,Zaid,2023-06-23,26.2,291.8,52.3,1692.01
Maize,Madhya Pradesh,Zaid,2024-10-30,15.2,19.5,43.7,1707.24
Potato,Punjab,Zaid,2024-06-30,16.3,191.1,64.7,858.49
Maize,Madhya Pradesh,Zaid,2024-08-17,23.6,150.7,71.0,1765.14
Sugarcane,Haryana,Kharif,2024-11-16,39.5,172.6,30.4,411.79
Wheat,Karnataka,Rabi,2024-04-07,16.4,72.6,83.1,1976.16
Cotton,Punjab,Rabi,2023-02-01,20.3,237.9,21.5,5015.95
Maize,Haryana,Zaid,2023-06-23,40.7,14.5,33.0,1697.96
Sugarcane,Punjab,Kharif,2023-05-15,32.3,92.3,73.6,195.29
Tomato,Karnataka,Kharif,2024-03-07,20.6,4.8,47.1,1381.59
Cotton,Madhya Pradesh,Zaid,2023-04-10,29.5,96.0,40.9,5135.15
Tomato,Haryana,Kharif,2024-05-04,38.9,281.2,57.4,975.85
Maize,Karnataka,Zaid,2023-09-19,10.8,187.3,22.4,1633.24
Tomato,Madhya Pradesh,Zaid,2024-06-13,32.5,289.0,70.4,1171.66
Tomato,Madhya Pradesh,Kharif,2024-08-04,29.8,272.6,79.9,1075.91
Potato,Madhya Pradesh,Zaid,2024-06-12,38.4,198.3,76.1,604.39
Potato,Punjab,Zaid,2024-05-07,10.5,150.8,39.5,713.67
Sugarcane,Karnataka,Zaid,2024-07-07,29.7,74.0,52.0,358.53
Tomato,Maharashtra,Rabi,2023-04-01,15.3,230.1,68.0,1163.07
Potato,Uttar Pradesh,Kharif,2023-06-06,10.0,140.2,89.4,730.87
Wheat,Madhya Pradesh,Kharif,2023-03-09,22.1,201.2,65.8,2187.38
Sugarcane,Uttar Pradesh,Zaid,2023-01-02,10.4,174.8,71.5,447.71
Potato,Karnataka,Zaid,2024-05-12,13.0,70.1,70.9,943.54
Tomato,Karnataka,Zaid,2023-02-19,19.6,203.9,81.5,1180.16
Onion,Uttar Pradesh,Zaid,2023-05-08,43.3,12.6,39.1,1427.63
Onion,Karnataka,Kharif,2023-09-26,37.4,254.3,37.2,1594.38
Onion,Maharashtra,Rabi,2024-10-15,20.8,247.4,41.9,1365.45
Rice,Punjab,Zaid,2024-07-26,42.3,47.1,83.9,2247.88
Tomato,Madhya Pradesh,Kharif,2023-10-16,11.5,218.4,46.8,1089.85
Potato,Uttar Pradesh,Kharif,2023-04-30,23.1,270.2,44.5,763.36
Cotton,Karnataka,Zaid,2024-12-16,36.4,91.1,47.0,5091.67
Sugarcane,Uttar Pradesh,Kharif,2024-02-17,38.0,82.0,37.7,257.59
Cotton,Punjab,Rabi,2024-10-02,15.5,271.2,26.6,5021.4
Onion,Punjab,Zaid,2023-11-23,40.6,268.7,45.2,1350.28
Rice,Uttar Pradesh,Zaid,2023-04-21,17.2,256.3,62.3,2549.02
Rice,Maharashtra,Kharif,2023-09-09,24.4,30.1,48.3,2869.61
Tomato,Maharashtra,Kharif,2024-09-01,42.9,62.1,61.3,1187.09
Cotton,Madhya Pradesh,Zaid,2023-05-05,34.0,61.1,26.3,4837.2
Rice,Karnataka,Rabi,2024-04-29,32.2,161.0,89.1,2389.35
Potato,Karnataka,Zaid,2024-06-16,43.0,297.8,32.8,910.94
Sugarcane,Haryana,Kharif,2024-04-28,23.8,205.5,76.0,418.92
Tomato,Haryana,Rabi,2024-02-23,15.1,50.8,60.1,1087.17
Rice,Karnataka,Rabi,2023-04-07,39.2,251.6,48.5,2544.36
Wheat,Maharashtra,Rabi,2024-03-31,37.5,136.3,72.9,2130.67
Potato,Karnataka,Kharif,2024-04-09,18.7,236.0,30.6,668.95
Wheat,Uttar Pradesh,Kharif,2024-04-25,38.4,128.4,20.4,2062.36
Wheat,Maharashtra,Rabi,2024-05-14,43.6,16.1,87.9,2131.61
Onion,Uttar Pradesh,Zaid,2024-10-23,41.6,272.8,79.7,1603.95
Cotton,Haryana,Rabi,2024-05-06,23.8,207.4,85.4,5052.81
Rice,Haryana,Zaid,2023-03-15,20.6,276.8,48.0,2195.64
Tomato,Punjab,Rabi,2023-06-07,42.0,299.3,67.2,967.58
Maize,Uttar Pradesh,Zaid,2024-11-26,25.0,189.5,76.3,1726.25
Tomato,Madhya Pradesh,Kharif,2024-07-26,31.2,253.2,55.4,877.56
Onion,Uttar Pradesh,Kharif,2024-09-28,10.2,214.0,31.6,1537.63
Potato,Maharashtra,Zaid,2023-08-08,41.5,17.7,64.3,651.31
Wheat,Karnataka,Kharif,2024-01-26,19.1,83.4,23.3,2020.97
Potato,Uttar Pradesh,Zaid,2023-10-17,36.9,264.1,38.0,718.92
Sugarcane,Madhya Pradesh,Kharif,2024-03-01,32.3,145.1,89.8,287.08
Wheat,Maharashtra,Kharif,2023-04-09,12.9,119.2,52.0,1899.05
Onion,Maharashtra,Zaid,2024-03-25,10.7,156.4,73.4,1478.15
Rice,Haryana,Rabi,2024-01-16,25.2,48.6,42.3,2114.0
Onion,Haryana,Zaid,2024-11-22,23.1,104.8,45.7,1633.36
Rice,Maharashtra,Zaid,2023-07-29,27.6,291.2,24.0,2527.67
Onion,Karnataka,Zaid,2023-12-29,44.9,114.4,44.6,1616.42
Wheat,Punjab,Kharif,2024-08-05,18.8,107.2,20.3,1960.07
Tomato,Punjab,Zaid,2024-01-23,43.1,108.0,41.0,824.67
Sugarcane,Karnataka,Kharif,2023-01-15,43.2,106.3,70.3,300.06
Onion,Punjab,Zaid,2024-10-21,24.5,241.1,22.5,1607.58
Wheat,Madhya Pradesh,Kharif,2023-08-26,24.9,201.9,66.9,1993.6
Onion,Uttar Pradesh,Kharif,2023-09-12,11.5,163.3,68.9,1444.88
Rice,Karnataka,Rabi,2023-04-22,37.7,63.4,46.6,2326.75
Potato,Karnataka,Kharif,2024-09-25,14.7,226.0,76.1,777.49
Tomato,Maharashtra,Rabi,2024-10-14,39.3,64.7,26.7,1192.67
Rice,Uttar Pradesh,Rabi,2024-08-05,20.6,137.8,81.1,2315.87
Onion,Uttar Pradesh,Zaid,2023-07-24,28.8,161.7,34.3,1617.31
Tomato,Madhya Pradesh,Rabi,2023-06-16,25.5,90.3,43.3,985.29
Maize,Maharashtra,Zaid,2023-07-28,27.4,21.3,59.7,1785.94
Onion,Uttar Pradesh,Zaid,2023-12-04,23.5,12.6,27.9,1504.03
Cotton,Maharashtra,Rabi,2023-04-02,29.8,272.7,31.0,5113.58
Tomato,Madhya Pradesh,Rabi,2024-01-25,43.8,258.8,49.7,904.2
Potato,Maharashtra,Zaid,2023-08-28,21.9,290.0,74.2,887.24
Potato,Haryana,Zaid,2023-07-13,31.4,138.0,80.6,632.12
Potato,Karnataka,Kharif,2024-03-12,27.8,199.9,71.8,981.7
Tomato,Punjab,Kharif,2024-12-08,31.6,114.2,27.4,904.05
Maize,Karnataka,Zaid,2023-01-16,31.4,197.6,38.7,1865.6
Rice,Haryana,Zaid,2023-02-07,23.0,224.0,66.4,2115.72
Onion,Madhya Pradesh,Zaid,2024-02-18,15.7,228.0,89.7,1699.07
Tomato,Maharashtra,Kharif,2024-07-27,14.2,150.9,41.7,940.36
Potato,Uttar Pradesh,Zaid,2023-09-21,41.8,25.9,38.3,677.05
Wheat,Karnataka,Zaid,2023-03-26,40.0,90.0,50.8,2090.6
Cotton,Haryana,Zaid,2024-03-13,10.0,291.2,41.2,4997.84
Cotton,Punjab,Kharif,2024-05-30,17.4,84.7,47.0,4950.33
Cotton,Haryana,Rabi,2024-04-27,30.9,196.8,78.5,5157.57
Wheat,Karnataka,Zaid,2023-10-26,36.1,181.0,62.3,2021.48
Tomato,Karnataka,Rabi,2024-01-20,24.5,75.6,25.7,1156.29
Cotton,Madhya Pradesh,Rabi,2024-02-01,43.0,258.9,80.0,4990.51
Cotton,Karnataka,Kharif,2024-02-04,43.6,258.5,32.2,5148.61
Wheat,Maharashtra,Rabi,2024-04-07,10.4,220.6,37.6,2130.28
Cotton,Madhya Pradesh,Zaid,2024-09-26,18.3,192.5,39.0,4825.38
Cotton,Karnataka,Zaid,2023-06-21,31.3,283.9,25.5,4847.76
Maize,Haryana,Zaid,2024-05-26,31.5,137.3,76.0,1938.14
Onion,Karnataka,Zaid,2023-12-31,24.9,10.7,69.7,1622.9
Sugarcane,Maharashtra,Rabi,2024-09-27,25.8,178.6,36.7,276.38
Onion,Maharashtra,Rabi,2023-07-16,14.3,186.5,87.2,1442.24
Wheat,Maharashtra,Kharif,2023-03-07,13.3,72.9,65.1,1954.81
Rice,Karnataka,Kharif,2024-08-18,21.8,294.4,66.1,2493.44
Sugarcane,Punjab,Kharif,2023-08-02,17.6,7.8,84.2,317.83
Tomato,Punjab,Zaid,2024-11-03,14.3,197.9,66.1,1189.39
Rice,Haryana,Rabi,2024-11-17,12.9,268.1,84.7,2071.86
Tomato,Haryana,Rabi,2024-04-30,37.2,179.3,22.7,1127.78
Maize,Punjab,Rabi,2023-05-16,11.7,83.0,35.6,1642.02
Tomato,Haryana,Kharif,2023-10-31,22.8,275.0,89.7,913.43
Sugarcane,Karnataka,Rabi,2023-06-21,36.4,67.3,79.3,291.51
Rice,Madhya Pradesh,Rabi,2023-04-23,11.5,267.2,87.0,2675.88
Wheat,Madhya Pradesh,Rabi,2024-05-08,20.9,72.9,76.3,1954.7
Tomato,Karnataka,Rabi,2024-01-13,37.0,89.2,41.8,1062.41
Maize,Karnataka,Zaid,2024-09-14,22.3,160.7,24.7,1997.18
Tomato,Haryana,Zaid,2024-10-12,21.9,55.4,29.7,942.26
Sugarcane,Karnataka,Rabi,2023-09-21,23.4,193.7,37.9,401.89
Wheat,Madhya Pradesh,Rabi,2023-09-03,18.7,35.7,45.6,2165.64
Cotton,Punjab,Kharif,2024-05-16,18.0,12.8,36.0,6067.44
Cotton,Uttar Pradesh,Zaid,2023-06-17,22.8,84.3,86.4,5173.55
Cotton,Maharashtra,Rabi,2023-09-20,27.9,165.3,49.3,4976.45
Onion,Uttar Pradesh,Rabi,2024-01-20,37.7,289.3,35.8,1693.05
Onion,Haryana,Kharif,2023-04-11,33.7,150.4,59.0,1473.78
Tomato,Madhya Pradesh,Zaid,2024-10-30,25.8,196.4,74.9,1076.52
Cotton,Haryana,Zaid,2024-01-14,17.5,148.2,54.0,5198.01
Sugarcane,Karnataka,Rabi,2023-07-25,15.0,139.3,89.6,342.02
Maize,Punjab,Kharif,2023-11-26,37.7,1.5,32.4,2079.75
Rice,Uttar Pradesh,Rabi,2024-08-27,42.0,7.0,28.0,2425.27
Wheat,Madhya Pradesh,Kharif,2024-11-17,39.6,289.8,55.6,1827.74
Onion,Haryana,Zaid,2024-04-10,29.8,183.3,54.1,1587.72
Maize,Karnataka,Rabi,2024-04-23,10.1,132.0,59.8,1712.52
Rice,Uttar Pradesh,Zaid,2024-04-28,14.5,87.4,88.4,2614.31
Sugarcane,Punjab,Kharif,2024-01-07,26.3,88.6,73.6,437.04
Potato,Haryana,Zaid,2023-05-11,30.5,121.0,79.9,867.02
Sugarcane,Punjab,Kharif,2024-01-03,34.2,252.4,66.3,390.76
Maize,Madhya Pradesh,Kharif,2024-02-22,27.1,142.4,44.8,1720.51
Sugarcane,Madhya Pradesh,Zaid,2024-04-18,30.4,180.6,61.9,241.33
Maize,Uttar Pradesh,Kharif,2024-02-18,24.0,22.9,21.8,2325.86
Tomato,Madhya Pradesh,Rabi,2023-04-30,42.9,50.7,88.5,1084.16
Onion,Madhya Pradesh,Rabi,2023-04-24,42.2,288.7,58.1,1370.09
Cotton,Karnataka,Zaid,2024-02-27,41.1,276.7,78.4,4835.31
Tomato,Punjab,Zaid,2024-10-07,11.3,83.2,51.9,934.41
Maize,Uttar Pradesh,Zaid,2024-11-03,24.1,162.0,22.6,1657.02
Onion,Punjab,Zaid,2023-08-12,32.6,113.5,80.2,1643.05
Cotton,Maharashtra,Rabi,2024-09-24,11.0,126.0,43.0,5047.5
Cotton,Haryana,Kharif,2024-09-22,11.7,276.5,34.2,4874.71
Cotton,Madhya Pradesh,Zaid,2024-11-16,36.9,194.0,27.3,4890.77
Sugarcane,Haryana,Zaid,2024-12-29,13.9,272.7,89.1,432.52
Maize,Haryana,Zaid,2024-12-17,28.9,15.5,56.3,1951.07
Cotton,Madhya Pradesh,Rabi,2023-10-04,18.0,118.6,45.9,5090.79
Cotton,Karnataka,Zaid,2024-08-01,14.3,60.5,46.9,4989.83
Rice,Uttar Pradesh,Zaid,2024-10-09,21.4,243.8,44.0,2661.54
Rice,Madhya Pradesh,Zaid,2024-11-27,30.8,2.3,83.8,2348.24
Potato,Uttar Pradesh,Kharif,2024-01-02,33.1,152.7,65.9,763.12
Wheat,Punjab,Kharif,2024-12-18,24.0,276.5,33.6,1733.5
Sugarcane,Maharashtra,Rabi,2024-06-20,29.4,299.8,57.7,495.57
Onion,Madhya Pradesh,Rabi,2024-06-29,29.1,145.3,79.4,1513.67
Maize,Uttar Pradesh,Rabi,2024-11-20,23.7,228.5,89.8,1636.9
Cotton,Uttar Pradesh,Zaid,2023-04-11,38.2,267.4,75.1,4999.21
Potato,Karnataka,Zaid,2024-07-13,26.7,226.4,29.8,620.42
Cotton,Punjab,Rabi,2023-06-26,41.6,178.7,37.4,5082.74
Potato,Uttar Pradesh,Zaid,2024-08-06,19.6,57.2,46.6,685.41
Maize,Uttar Pradesh,Zaid,2024-09-13,25.9,184.5,20.3,1840.82
Cotton,Punjab,Zaid,2023-07-08,25.0,183.3,26.4,4833.9
Maize,Uttar Pradesh,Kharif,2023-08-24,35.0,254.8,58.4,1908.12
Maize,Haryana,Zaid,2024-08-05,28.9,214.1,73.3,1992.95
Tomato,Haryana,Kharif,2023-03-28,30.2,91.0,51.8,863.88
Tomato,Madhya Pradesh,Zaid,2024-08-07,12.5,67.5,82.4,1172.07
Rice,Haryana,Zaid,2023-06-29,36.3,38.5,28.8,2064.31
Cotton,Madhya Pradesh,Zaid,2024-10-14,40.6,46.5,29.3,5161.71
Rice,Madhya Pradesh,Rabi,2023-12-22,31.5,117.0,45.8,2523.75
Tomato,Karnataka,Zaid,2023-11-18,35.1,69.0,31.8,1054.42
Potato,Karnataka,Zaid,2023-07-11,34.9,216.8,39.0,894.89
Maize,Madhya Pradesh,Kharif,2023-10-07,36.3,70.3,30.9,1999.48
Rice,Uttar Pradesh,Rabi,2024-01-09,37.4,218.8,81.1,2388.99
Potato,Karnataka,Kharif,2024-04-09,17.6,292.2,62.7,731.38
Rice,Maharashtra,Rabi,2023-10-16,19.6,65.0,89.8,2480.6
Maize,Madhya Pradesh,Rabi,2023-11-10,23.5,149.4,87.7,1831.45
Rice,Haryana,Rabi,2024-12-02,19.7,19.5,81.6,2328.68
Rice,Haryana,Zaid,2024-06-25,17.9,296.0,38.4,2389.02
Maize,Uttar Pradesh,Kharif,2024-07-20,19.6,103.7,84.0,1637.85
Sugarcane,Punjab,Kharif,2023-09-28,32.1,129.7,72.9,406.96
Potato,Karnataka,Kharif,2023-12-31,44.0,150.8,84.6,986.14
Tomato,Punjab,Kharif,2024-05-21,13.4,74.9,42.0,1183.95
Maize,Uttar Pradesh,Zaid,2023-11-28,40.7,163.6,45.5,1630.7
Wheat,Haryana,Kharif,2024-06-13,40.1,58.1,80.9,1793.17
Onion,Madhya Pradesh,Zaid,2023-01-09,35.2,279.9,82.1,1318.48
Maize,Uttar Pradesh,Rabi,2023-12-17,20.9,18.7,53.5,1796.87
Cotton,Karnataka,Kharif,2024-12-21,29.9,14.2,62.1,5903.18
Wheat,Karnataka,Zaid,2023-06-28,33.0,56.4,72.3,2191.11
Maize,Punjab,Zaid,2023-10-19,35.5,215.9,28.3,1950.47
Maize,Uttar Pradesh,Kharif,2024-07-21,36.8,80.7,69.7,1765.21
Cotton,Punjab,Kharif,2023-02-02,36.5,17.9,74.8,5963.78
Cotton,Haryana,Kharif,2024-03-25,13.1,5.3,22.4,5934.34
Maize,Maharashtra,Kharif,2023-08-30,25.3,130.9,52.7,1862.0
Wheat,Punjab,Zaid,2024-05-13,25.9,174.4,25.2,1907.74
Wheat,Karnataka,Rabi,2024-01-07,43.3,251.9,33.0,1928.98
Tomato,Haryana,Rabi,2023-03-28,12.7,58.1,57.2,888.59
Potato,Haryana,Zaid,2024-08-17,35.0,222.3,22.2,705.28
Tomato,Maharashtra,Zaid,2024-01-03,11.9,292.4,42.2,972.95
Wheat,Haryana,Kharif,2024-03-22,28.7,82.7,21.5,1968.0
Sugarcane,Maharashtra,Kharif,2023-10-23,22.7,70.1,72.9,358.86
Cotton,Maharashtra,Zaid,2023-09-29,43.3,33.2,85.3,5159.5
Tomato,Punjab,Kharif,2024-06-01,35.0,284.5,71.5,845.93
Wheat,Madhya Pradesh,Kharif,2023-02-27,41.4,146.6,31.3,2146.9
Sugarcane,Maharashtra,Zaid,2023-02-25,36.3,287.6,69.3,372.72
Onion,Punjab,Zaid,2024-02-20,38.9,101.5,54.2,1664.83
Onion,Punjab,Kharif,2024-05-18,37.8,3.7,58.6,1749.5
Cotton,Karnataka,Zaid,2024-07-22,36.6,266.0,21.3,5186.03
Cotton,Punjab,Zaid,2023-03-30,24.9,214.3,44.7,5190.91
Cotton,Maharashtra,Zaid,2024-11-15,20.0,156.3,74.4,4988.89
Onion,Haryana,Kharif,2024-09-12,17.7,298.0,56.1,1602.23
Rice,Haryana,Rabi,2023-07-07,30.5,216.0,75.8,2257.95
Cotton,Karnataka,Kharif,2023-10-28,10.6,246.0,78.5,4884.97
Maize,Madhya Pradesh,Zaid,2023-11-16,11.8,262.9,26.2,1888.78
Wheat,Madhya Pradesh,Rabi,2023-05-06,12.6,151.5,77.0,1878.14
Sugarcane,Punjab,Kharif,2023-04-27,36.6,74.2,83.3,168.48
Tomato,Uttar Pradesh,Rabi,2023-10-28,44.3,240.5,29.0,1092.1
Onion,Haryana,Zaid,2024-02-03,35.0,15.5,37.3,1608.47
Onion,Maharashtra,Zaid,2023-05-08,38.7,86.7,67.5,1449.12
Cotton,Maharashtra,Kharif,2024-02-24,19.0,58.5,54.7,4903.36
Potato,Maharashtra,Zaid,2023-11-02,44.2,36.3,53.0,982.49
Cotton,Uttar Pradesh,Zaid,2023-04-17,31.4,150.4,71.6,5019.45
Tomato,Maharashtra,Kharif,2023-09-08,23.7,81.6,22.7,1124.83
Cotton,Madhya Pradesh,Zaid,2023-11-07,30.2,112.1,43.6,4952.47
Rice,Madhya Pradesh,Zaid,2024-09-08,23.0,7.6,75.2,2583.78
Maize,Haryana,Rabi,2024-07-04,30.5,172.7,83.9,1891.81
Wheat,Maharashtra,Rabi,2023-08-10,10.2,196.6,85.2,1805.1
Rice,Karnataka,Zaid,2023-05-29,19.6,6.3,70.1,2581.83
Onion,Maharashtra,Zaid,2023-10-23,20.7,119.4,89.3,1315.58
Tomato,Madhya Pradesh,Rabi,2024-03-24,23.0,0.2,24.4,1018.92
Wheat,Uttar Pradesh,Rabi,2024-01-20,22.1,252.7,37.4,1995.61
Maize,Uttar Pradesh,Rabi,2023-10-19,27.5,30.1,78.4,1892.98
Potato,Maharashtra,Rabi,2024-01-03,30.0,12.2,40.1,613.8
Sugarcane,Uttar Pradesh,Zaid,2024-10-31,43.2,163.0,64.0,392.08
Cotton,Madhya Pradesh,Zaid,2024-12-02,37.5,294.8,37.7,4871.26
Maize,Punjab,Rabi,2023-12-11,27.5,270.4,79.0,1913.81
Maize,Punjab,Zaid,2023-02-02,37.6,175.9,75.2,1604.12
Cotton,Karnataka,Rabi,2024-10-15,17.3,293.1,61.1,5123.5
Cotton,Madhya Pradesh,Zaid,2024-11-08,13.6,146.9,28.8,5118.73
Rice,Maharashtra,Zaid,2024-05-08,41.4,187.3,30.6,2377.4
Cotton,Uttar Pradesh,Zaid,2024-01-11,10.5,81.1,89.2,4810.57
Tomato,Haryana,Rabi,2023-10-11,25.3,259.2,83.4,1155.54
Sugarcane,Madhya Pradesh,Zaid,2024-01-12,37.8,287.8,49.5,136.95
Wheat,Punjab,Kharif,2024-01-03,39.1,261.7,58.7,1857.5
Maize,Punjab,Zaid,2023-07-26,15.1,295.8,61.6,1879.02
Cotton,Punjab,Kharif,2024-10-11,30.1,294.1,54.6,4936.71
Sugarcane,Karnataka,Kharif,2023-03-29,26.2,32.7,55.3,196.78
Cotton,Punjab,Zaid,2023-03-11,13.0,177.7,84.7,4977.05
Maize,Haryana,Rabi,2023-09-11,34.5,10.8,78.9,1885.3
Tomato,Maharashtra,Kharif,2023-03-25,19.6,178.2,86.7,1102.74
Sugarcane,Karnataka,Rabi,2024-05-21,13.4,82.3,62.3,336.32
Sugarcane,Madhya Pradesh,Kharif,2023-11-27,24.5,28.7,75.3,324.52
Rice,Madhya Pradesh,Rabi,2024-02-10,13.5,48.5,60.7,2547.66
Onion,Maharashtra,Zaid,2023-12-19,33.1,222.5,88.5,1369.39
Tomato,Uttar Pradesh,Zaid,2023-02-09,38.3,18.6,22.5,904.58
Wheat,Karnataka,Kharif,2024-08-10,23.4,66.1,20.4,1926.53
Sugarcane,Karnataka,Zaid,2023-06-18,19.3,266.8,58.3,233.42
Sugarcane,Punjab,Rabi,2023-04-10,28.1,10.6,69.6,273.78
Rice,Uttar Pradesh,Zaid,2023-11-28,16.7,57.3,21.9,2416.09
Sugarcane,Madhya Pradesh,Rabi,2024-12-30,15.6,271.5,28.1,397.99
Sugarcane,Uttar Pradesh,Rabi,2023-05-04,43.9,41.7,64.3,200.48
Potato,Karnataka,Zaid,2024-08-03,34.5,78.7,38.7,977.53
Tomato,Uttar Pradesh,Zaid,2023-06-14,12.9,281.4,49.2,1113.27
Cotton,Uttar Pradesh,Kharif,2024-11-14,17.3,107.4,53.3,5089.86
Onion,Uttar Pradesh,Kharif,2023-01-20,13.2,31.5,67.5,1889.12
Rice,Maharashtra,Zaid,2023-01-30,41.8,195.8,42.9,2637.03
Rice,Maharashtra,Kharif,2024-07-21,21.4,165.8,40.9,2341.85
Maize,Haryana,Zaid,2024-09-23,29.9,182.8,31.7,1949.37
Sugarcane,Madhya Pradesh,Kharif,2023-07-11,29.1,142.7,39.1,456.74
Onion,Haryana,Zaid,2024-03-19,25.3,22.8,83.3,1459.17
Onion,Karnataka,Kharif,2023-05-01,38.0,199.5,75.7,1613.09
Rice,Maharashtra,Kharif,2024-01-08,16.3,85.6,38.1,2608.24
Rice,Karnataka,Kharif,2023-04-26,26.2,4.9,65.8,3013.76
Potato,Haryana,Zaid,2023-04-01,17.0,257.1,71.9,692.28
Rice,Haryana,Rabi,2023-08-23,44.2,80.8,56.3,2307.21
Maize,Uttar Pradesh,Zaid,2024-06-15,12.9,142.7,46.1,1716.47
Cotton,Madhya Pradesh,Zaid,2024-11-19,36.9,57.8,75.8,4865.62
Onion,Haryana,Rabi,2023-08-18,37.7,246.8,45.9,1512.12
Maize,Punjab,Rabi,2024-09-15,17.5,155.2,67.8,1619.93
Tomato,Maharashtra,Zaid,2024-08-25,27.4,148.0,84.7,975.59
Onion,Haryana,Rabi,2024-01-20,33.6,123.5,51.5,1390.13
Tomato,Karnataka,Kharif,2023-08-13,41.6,10.1,30.6,1051.92
Wheat,Maharashtra,Kharif,2023-05-17,13.9,243.3,20.1,1870.7
Cotton,Punjab,Zaid,2023-07-18,29.5,170.2,77.6,4975.67
Potato,Uttar Pradesh,Kharif,2024-07-09,16.9,169.9,49.8,958.3
Tomato,Madhya Pradesh,Kharif,2024-05-17,32.7,185.6,66.0,977.0
Tomato,Madhya Pradesh,Zaid,2024-02-24,27.9,10.9,84.9,1007.54
Tomato,Maharashtra,Kharif,2023-10-21,26.7,90.5,27.9,1137.15
Onion,Madhya Pradesh,Rabi,2023-03-25,41.9,22.6,75.2,1366.0
Onion,Uttar Pradesh,Kharif,2023-10-31,20.7,151.9,86.5,1305.87
Tomato,Uttar Pradesh,Rabi,2023-04-19,12.3,296.8,74.7,1109.39
Cotton,Uttar Pradesh,Rabi,2024-08-02,20.1,170.5,24.7,4802.24
Tomato,Haryana,Kharif,2023-08-30,19.3,64.9,51.5,907.2
Sugarcane,Maharashtra,Kharif,2024-10-16,12.0,110.2,57.9,342.44
Maize,Uttar Pradesh,Zaid,2023-09-17,26.4,29.3,68.4,1865.05
Wheat,Madhya Pradesh,Kharif,2023-04-26,36.7,181.2,83.5,1980.78
Sugarcane,Uttar Pradesh,Kharif,2024-01-22,19.8,93.5,46.2,118.26
Cotton,Uttar Pradesh,Rabi,2023-04-19,34.6,112.5,68.1,5011.47
Potato,Punjab,Zaid,2024-10-03,15.0,221.8,43.2,654.71
Onion,Maharashtra,Zaid,2023-11-10,38.3,232.0,83.1,1670.66
Rice,Madhya Pradesh,Rabi,2024-09-03,36.7,193.2,50.7,2460.5
Sugarcane,Karnataka,Zaid,2023-01-08,35.5,133.8,42.8,158.32
Wheat,Uttar Pradesh,Rabi,2023-06-29,40.6,211.9,84.8,1855.12
Onion,Maharashtra,Kharif,2023-02-20,44.0,105.3,48.9,1361.5
Wheat,Karnataka,Kharif,2023-06-11,21.7,105.4,51.4,1939.32
Potato,Punjab,Zaid,2023-11-02,36.9,4.3,69.3,698.92
Cotton,Haryana,Rabi,2023-05-11,14.2,85.6,58.4,4909.6
Maize,Punjab,Kharif,2023-01-14,38.1,97.3,59.5,1621.07
Tomato,Maharashtra,Kharif,2023-09-09,13.4,126.0,50.6,1137.97
Potato,Maharashtra,Zaid,2023-08-13,44.8,43.4,83.9,616.04
Maize,Madhya Pradesh,Kharif,2023-08-09,23.5,24.4,20.5,2102.85
Tomato,Madhya Pradesh,Zaid,2023-07-20,32.1,65.7,71.7,1149.11
Maize,Punjab,Kharif,2023-03-11,44.7,228.9,58.3,1907.64
Cotton,Maharashtra,Rabi,2023-11-24,39.5,104.2,75.5,5138.29
Tomato,Madhya Pradesh,Kharif,2023-07-20,12.2,95.2,85.5,828.97
Rice,Haryana,Zaid,2024-10-14,25.6,280.0,66.0,2401.34
Tomato,Haryana,Kharif,2024-01-05,33.4,211.5,39.3,1162.29
Potato,Uttar Pradesh,Kharif,2023-11-26,30.4,119.5,26.8,661.2
Tomato,Karnataka,Zaid,2024-06-21,27.4,297.8,43.4,859.09
Maize,Uttar Pradesh,Kharif,2024-09-01,10.3,210.5,73.0,1738.88
Wheat,Madhya Pradesh,Rabi,2023-08-02,24.8,10.1,40.4,1971.49
Rice,Karnataka,Rabi,2024-08-16,19.6,220.4,34.0,2514.32
Rice,Punjab,Kharif,2023-05-11,12.5,203.7,36.1,2153.75
Onion,Uttar Pradesh,Zaid,2024-01-10,20.0,115.6,54.3,1447.16
Sugarcane,Karnataka,Kharif,2023-05-05,28.7,157.8,89.1,310.97
Wheat,Punjab,Kharif,2024-11-29,21.8,242.4,71.6,1914.63
Onion,Madhya Pradesh,Rabi,2023-01-26,20.1,282.8,62.4,1624.09
Potato,Haryana,Kharif,2024-11-28,34.3,287.4,62.7,998.17
Rice,Haryana,Zaid,2023-07-16,29.7,102.5,51.3,2060.44
Rice,Karnataka,Zaid,2023-09-16,38.5,263.0,50.2,2414.02
Sugarcane,Karnataka,Kharif,2024-07-10,37.0,209.6,56.1,212.36
Rice,Karnataka,Kharif,2023-09-22,40.6,161.7,62.2,2450.92
Maize,Punjab,Rabi,2024-03-04,22.8,186.3,54.0,1906.3
Potato,Punjab,Rabi,2023-10-04,34.7,182.3,46.9,657.23
Cotton,Madhya Pradesh,Kharif,2023-01-16,20.8,183.6,68.3,5191.38
Sugarcane,Haryana,Rabi,2023-06-04,31.4,94.3,76.5,146.91
Tomato,Haryana,Rabi,2024-02-04,17.5,12.1,81.0,1035.5
Maize,Uttar Pradesh,Kharif,2024-05-12,26.6,221.3,34.8,1934.43
Tomato,Madhya Pradesh,Zaid,2024-10-10,40.3,257.1,79.4,835.6
Potato,Madhya Pradesh,Rabi,2023-08-17,26.9,272.6,55.1,746.67
Cotton,Uttar Pradesh,Kharif,2024-06-04,24.8,60.2,74.2,5080.61
Cotton,Punjab,Kharif,2024-12-19,35.2,73.9,34.7,5023.5
Cotton,Punjab,Zaid,2023-12-29,13.6,154.4,30.3,5004.99
Onion,Karnataka,Rabi,2024-10-16,26.6,146.4,86.6,1534.72
Onion,Karnataka,Kharif,2023-09-20,27.3,282.5,44.4,1363.12
Tomato,Maharashtra,Kharif,2024-10-05,39.1,52.8,79.4,886.32
Wheat,Maharashtra,Zaid,2023-05-11,14.6,195.9,65.8,2010.43
Cotton,Madhya Pradesh,Zaid,2023-02-18,15.4,142.1,36.4,5192.87
Wheat,Maharashtra,Zaid,2024-03-13,26.0,226.7,86.8,2126.46
Tomato,Punjab,Zaid,2024-12-16,13.1,184.5,57.1,921.31
Sugarcane,Karnataka,Rabi,2024-06-17,39.2,83.9,61.7,449.6
Tomato,Karnataka,Rabi,2023-10-17,13.7,118.4,69.3,961.24
Tomato,Uttar Pradesh,Kharif,2024-11-16,43.1,179.2,33.0,1066.03
Tomato,Madhya Pradesh,Zaid,2024-05-30,25.3,282.6,59.8,1129.25
Maize,Madhya Pradesh,Zaid,2023-05-07,21.2,150.5,56.2,1753.42
Maize,Madhya Pradesh,Kharif,2024-03-15,39.3,171.3,67.9,1717.74
Cotton,Haryana,Zaid,2023-11-30,22.7,131.8,40.2,5045.06
Rice,Karnataka,Zaid,2023-09-20,42.7,57.8,73.8,2445.05
Rice,Uttar Pradesh,Kharif,2024-02-20,22.2,287.3,48.0,2450.36
Cotton,Madhya Pradesh,Zaid,2023-03-27,41.2,146.5,33.3,4972.9
Maize,Uttar Pradesh,Zaid,2024-01-03,33.5,22.4,46.6,1609.23
Tomato,Uttar Pradesh,Zaid,2024-12-04,36.8,199.6,21.8,951.78
Sugarcane,Maharashtra,Zaid,2024-12-19,21.8,173.9,36.3,417.99
Wheat,Maharashtra,Zaid,2023-07-05,28.9,238.9,49.0,2196.01
Wheat,Haryana,Zaid,2024-10-06,29.1,110.0,39.4,1735.99
Potato,Punjab,Kharif,2023-11-22,22.5,119.5,40.2,753.34
Onion,Karnataka,Zaid,2024-10-13,41.0,2.2,77.1,1367.53
Tomato,Uttar Pradesh,Rabi,2024-08-11,25.9,170.6,71.9,834.09
Wheat,Punjab,Zaid,2024-01-27,14.9,239.9,52.1,1749.28
Maize,Haryana,Zaid,2023-05-27,14.1,246.4,80.4,1692.92
Rice,Maharashtra,Zaid,2023-06-22,19.0,256.2,60.3,2577.24
Rice,Maharashtra,Rabi,2024-02-11,42.1,243.5,39.5,2658.4
Sugarcane,Maharashtra,Zaid,2024-05-13,35.9,257.4,53.1,237.94
Potato,Maharashtra,Zaid,2023-10-07,11.9,114.4,67.9,685.24
Tomato,Madhya Pradesh,Rabi,2023-01-04,21.8,152.2,81.5,1021.21
Onion,Madhya Pradesh,Zaid,2023-12-15,21.5,16.4,26.6,1630.84
Maize,Madhya Pradesh,Kharif,2024-04-08,32.9,11.5,48.4,2033.3
Rice,Punjab,Zaid,2024-08-08,29.3,169.4,42.3,2139.28
Sugarcane,Punjab,Rabi,2024-05-19,37.1,283.2,50.6,400.8
Rice,Punjab,Rabi,2023-07-13,33.4,261.6,50.3,2359.14
Rice,Uttar Pradesh,Kharif,2024-09-27,23.6,109.0,80.8,2422.11
Rice,Uttar Pradesh,Rabi,2024-07-07,40.2,190.9,71.5,2454.35
Rice,Maharashtra,Kharif,2024-06-18,24.9,26.6,30.5,3103.7
Tomato,Punjab,Rabi,2023-07-21,16.4,133.1,52.5,834.16
Potato,Maharashtra,Kharif,2024-07-03,19.2,58.1,73.9,642.44
Onion,Punjab,Zaid,2024-04-16,11.6,259.5,79.9,1523.59
Rice,Punjab,Rabi,2024-04-05,23.2,207.7,28.1,2270.84
Rice,Madhya Pradesh,Kharif,2024-03-22,30.3,142.9,67.3,2588.81
Sugarcane,Madhya Pradesh,Kharif,2023-07-26,27.4,38.1,21.7,421.15
Sugarcane,Haryana,Zaid,2024-08-26,40.4,143.4,64.4,380.11
Cotton,Karnataka,Zaid,2024-08-04,17.8,173.3,22.6,4958.21
Sugarcane,Punjab,Kharif,2023-08-16,34.9,1.5,20.7,363.35
Tomato,Uttar Pradesh,Zaid,2024-12-26,23.3,261.6,80.5,800.56
Rice,Madhya Pradesh,Zaid,2023-12-07,38.1,246.9,74.0,2632.62
